word,f1,f2,f3
ACF,26100000,26200000,26600000
ACG,13000000,42500000,42000000
ACM,59400000,59500000,59400000
ACW,8150000,8180000,8010000
AEB,17900000,18000000,18000000
AED,168000000,169000000,165000000
AEF,16700000,16700000,16700000
AEJ,23000000,66200000,64900000
AEM,20300000,20300000,20100000
AEW,8890000,8860000,8760000
AFB,19800000,68700000,68900000
AFD,14000000,38500000,38100000
AFG,120000000,372000000,384000000
AFH,6130000,6100000,5990000
AFJ,3400000,3340000,3290000
AFM,8930000,26700000,26500000
AFN,19900000,17700000,17700000
AFP,60200000,177000000,177000000
AFR,23400000,23100000,22700000
AGD,18400000,48300000,48500000
AHD,33600000,33000000,33700000
AHF,13300000,6490000,6410000
AHG,7190000,7230000,7110000
AHJ,5350000,5370000,5250000
AHK,13700000,13800000,13800000
AHM,18000000,18000000,5470000
AHP,8400000,8670000,2500000
AHW,5420000,5440000,5320000
AJB,11400000,11300000,8340000
AJE,21100000,21200000,21100000
AJG,4490000,4660000,4450000
AJH,5430000,5450000,5360000
AJK,8890000,8870000,8750000
AJM,8530000,8600000,8550000
AJP,4230000,13900000,13800000
AJT,4960000,4940000,4830000
AJW,3380000,3380000,3270000
AKH,12900000,13000000,13000000
AKM,22100000,22200000,22000000
AKW,4920000,4940000,4860000
ALD,32800000,32900000,33400000
ALK,24400000,24500000,24700000
APD,6020000,20100000,20200000
APH,7680000,20800000,20800000
APJ,14000000,14500000,14500000
APM,12200000,41600000,41400000
ARG,82900000,83000000,84500000
ARJ,8870000,8910000,8870000
ARP,36900000,37000000,36900000
ASG,28600000,28700000,28400000
AWB,3440000,10900000,3210000
AWF,2680000,8840000,8760000
AWH,13600000,13800000,13400000
AWJ,2450000,2450000,2430000
AWM,4790000,17400000,17300000
AWP,7610000,20600000,20400000
AWT,14600000,14600000,14500000
BAJ,20400000,20300000,20200000
BAW,20700000,20700000,20500000
BEH,26100000,38100000,12700000
BER,74500000,185000000,65000000
BFC,23200000,23300000,23300000
BFE,14900000,14900000,14900000
BGD,23800000,24700000,23300000
BGH,14100000,14200000,14200000
BGJ,2520000,2520000,2480000
BGP,13400000,13500000,13300000
BGT,44600000,44800000,44800000
BHC,10900000,11000000,11000000
BHT,14700000,14700000,14800000
BHW,6180000,6190000,6050000
BJE,3100000,3080000,3050000
BJG,3370000,3390000,3250000
BJT,9550000,9620000,9300000
BJW,3380000,3400000,3370000
BLD,26600000,26800000,26800000
BLP,9200000,9210000,8960000
BLW,8260000,8320000,8270000
BMJ,19300000,19700000,19800000
BMR,4130000,12100000,11700000
BPD,5540000,17800000,5580000
BPG,6060000,6100000,5880000
BPJ,2700000,2740000,2690000
BPW,10700000,10700000,10600000
BRG,6870000,22100000,22000000
BRH,4580000,4560000,4530000
BRJ,2880000,2850000,2780000
BRP,25400000,25600000,25600000
BSD,16000000,55200000,55100000
BSE,8630000,27700000,27400000
BSH,13100000,13200000,13000000
BTC,29600000,116000000,115000000
BTD,5630000,5630000,5580000
BTG,5580000,14200000,14100000
BTP,10400000,33400000,33400000
CBD,112000000,112000000,110000000
CBJ,5220000,5240000,5210000
CBP,14300000,14400000,14300000
CBW,7650000,7690000,7620000
CFA,26400000,84500000,83800000
CFJ,3460000,3490000,3440000
CFL,13200000,35900000,35700000
CFM,47800000,169000000,169000000
CFP,40100000,40300000,40300000
CHB,10300000,10300000,47100000
CHD,20900000,21100000,20900000
CHJ,4990000,4910000,19800000
CHP,25800000,77800000,76500000
CHW,2000000,5860000,5860000
CJP,4260000,4280000,4300000
CJR,7060000,7010000,6930000
CJW,2800000,2810000,2770000
CKA,9030000,9020000,8800000
CKD,12300000,46700000,47100000
CKJ,14900000,2880000,2840000
CKM,11500000,11600000,11500000
CKP,10200000,10300000,10200000
CKR,5260000,5250000,5120000
CKW,16000000,3100000,3010000
CPF,40300000,40300000,40100000
CPJ,4590000,4590000,4560000
CPL,47800000,48100000,47800000
CPM,48600000,48800000,48800000
CPW,5940000,5960000,5890000
CRB,20900000,21000000,20600000
CRF,37600000,37700000,37900000
CRJ,7640000,7660000,7690000
CRS,15700000,52500000,15300000
CSD,23600000,23700000,23600000
CSJ,7230000,7280000,8920000
CSL,29600000,29700000,30200000
CSM,59700000,59800000,60000000
CSR,116000000,117000000,115000000
CWD,5900000,5970000,5930000
CWF,3860000,3880000,3840000
CWJ,2510000,2530000,2500000
CWP,7500000,7560000,7510000
CWS,17100000,16500000,13600000
DBC,10100000,19100000,19000000
DBE,4330000,13700000,13700000
DBF,19300000,19400000,19300000
DBG,7280000,7300000,7210000
DBJ,3540000,3560000,3540000
DBK,13500000,13600000,13600000
DBP,11900000,12100000,12000000
DBR,53900000,53300000,49400000
DBS,17800000,56700000,56300000
DGC,8560000,8590000,8540000
DGF,4540000,4550000,4560000
DGJ,3460000,3460000,3630000
DGM,10800000,10800000,10800000
DGR,12600000,12600000,12700000
DGS,22400000,22400000,22500000
DHC,9970000,31900000,31700000
DHE,27500000,125000000,27800000
DHF,5280000,5380000,5340000
DHG,2150000,7990000,7560000
DHJ,4120000,4140000,4090000
DHK,3960000,3980000,3910000
DHP,6270000,6340000,6290000
DHS,12200000,41200000,11900000
DJF,13700000,13700000,13800000
DJK,9470000,9570000,9590000
DJM,9760000,9800000,9760000
DJP,4450000,19000000,4440000
DJR,3550000,3550000,3500000
DJS,417000000,1480000000,1530000000
DJT,55100000,41700000,4720000
DKC,7330000,5600000,1500000
DKF,3080000,3100000,3080000
DKJ,2840000,2860000,2740000
DKM,6290000,6310000,6160000
DKP,6320000,6360000,6270000
DKT,13600000,13700000,13700000
DLJ,6550000,6580000,6470000
DLP,41600000,42200000,42700000
DLR,6580000,18500000,18100000
DLS,26600000,26700000,26600000
DMJ,3700000,3720000,3670000
DMP,5740000,18400000,18400000
DMR,6600000,21900000,21800000
DNE,62600000,61300000,60800000
DNF,14600000,50000000,49000000
DNG,4670000,15700000,16000000
DNJ,5290000,5310000,5280000
DNM,9970000,9950000,9870000
DPC,28000000,28400000,29000000
DPF,8380000,29400000,29400000
DPG,4550000,14500000,14400000
DPJ,4120000,4160000,4160000
DPK,5860000,5900000,5810000
DPM,8660000,19800000,19800000
DPR,21600000,60800000,60400000
DPT,31000000,56100000,55400000
DRC,13200000,48200000,47700000
DRE,31500000,99000000,98800000
DRF,8580000,8660000,2680000
DRP,4180000,12600000,3840000
DSC,31400000,124000000,31400000
DSF,12900000,13100000,12400000
DSG,14100000,48100000,47500000
DSJ,27100000,117000000,105000000
DSR,25700000,25900000,25700000
DWE,9470000,9410000,8890000
DWF,6730000,6740000,6700000
DWJ,3280000,3290000,3250000
DWK,3530000,3530000,3480000
DWM,5300000,5320000,5300000
DWP,15400000,15600000,15500000
DWS,11900000,11900000,11700000
DWT,20900000,20900000,20900000
EAB,12400000,12700000,12500000
EAC,9700000,31700000,31300000
EAF,11500000,11700000,11500000
EAG,7690000,7690000,7650000
EAJ,3680000,3670000,3590000
EAP,9180000,21000000,7840000
EAW,5720000,5710000,5640000
EBC,12600000,41300000,40900000
EBF,11700000,11800000,11800000
EBH,2690000,2700000,2650000
EBK,7700000,7730000,7680000
EBN,7170000,7060000,7000000
EBP,2920000,11400000,45800000
EBS,14800000,53100000,52900000
EBT,3330000,9740000,9640000
EBW,2820000,2820000,2740000
ECB,10800000,38000000,37700000
ECD,13800000,13100000,13000000
ECF,5330000,15800000,15800000
ECG,23100000,37000000,37000000
ECJ,12500000,53400000,50700000
ECK,29600000,28700000,28700000
ECL,7140000,16200000,16300000
ECM,13300000,38900000,39100000
ECS,12900000,39000000,39000000
ECT,107000000,107000000,107000000
ECW,9510000,9560000,9500000
EDA,32200000,64300000,64300000
EDB,5410000,16700000,5680000
EDC,25600000,92200000,92100000
EDJ,2320000,2310000,2280000
EDK,3410000,3440000,3390000
EDP,18700000,67700000,67400000
EDT,43300000,147000000,147000000
EFA,25900000,26000000,26300000
EFB,13000000,13000000,13000000
EFC,16500000,16500000,16600000
EFG,13100000,13100000,13200000
EFH,6840000,7000000,6840000
EFJ,2020000,8760000,2030000
EFM,6730000,6800000,6750000
EFN,3030000,3040000,3030000
EFP,6560000,6570000,6560000
EGB,10200000,10200000,36000000
EGD,4540000,4550000,4610000
EGF,14300000,14300000,14300000
EGH,2940000,2940000,2970000
EGJ,1910000,1910000,1910000
EGL,11100000,11200000,11400000
EGP,38700000,38900000,38800000
EHB,4340000,4360000,4450000
EHC,9650000,9490000,9610000
EHD,3720000,3730000,3740000
EHF,15200000,15300000,15600000
EHG,2640000,2640000,2650000
EHJ,2370000,2380000,2370000
EHK,35900000,19600000,19500000
EHN,4580000,4600000,4660000
EHP,9260000,9360000,9270000
EHS,6950000,20800000,6960000
EHT,9420000,9430000,9570000
EHW,2360000,2370000,2330000
EJB,7640000,7600000,7540000
EJF,2710000,2700000,2690000
EJG,1850000,1850000,1840000
EJK,2620000,2650000,2750000
EJL,5020000,5000000,4970000
EJM,3980000,4010000,3990000
EJN,2740000,2720000,2690000
EJP,3480000,3490000,3570000
EJS,3780000,3790000,3770000
EJT,3180000,3190000,3250000
EJW,2580000,2590000,2580000
EKB,9610000,9650000,9590000
EKC,941000,3150000,3150000
EKD,8010000,8050000,8010000
EKF,1310000,4830000,4270000
EKH,3720000,3730000,3730000
EKJ,1510000,1520000,1500000
EKL,5770000,5780000,5820000
EKM,2480000,6440000,6450000
EKP,3390000,3430000,3400000
EKS,19600000,57400000,56200000
EKT,5680000,5680000,5650000
EKW,3000000,3000000,2960000
ELA,135000000,371000000,373000000
ELB,8020000,20600000,20400000
ELJ,3200000,3180000,3150000
ELN,9380000,16600000,16100000
ELW,4260000,4230000,4220000
EMB,10700000,40000000,39700000
EMC,21400000,68700000,68100000
EMJ,1120000,3650000,3630000
EMW,4310000,4310000,4280000
ENB,8490000,8240000,8170000
ENJ,7260000,7190000,7100000
ENM,6240000,6030000,5840000
ENP,14400000,14300000,13700000
EPB,2120000,6440000,6400000
EPC,15000000,50000000,49900000
EPD,2770000,7980000,7890000
EPF,3540000,10800000,3910000
EPG,4690000,13400000,13300000
EPH,10600000,17500000,7740000
EPJ,2470000,2490000,2410000
EPK,7750000,7780000,2160000
EPN,12500000,12500000,12300000
EPT,5270000,17200000,16700000
EPW,3580000,3590000,3530000
ERB,23700000,22600000,8720000
ERJ,6750000,28600000,6790000
ERP,38300000,120000000,38200000
ERW,10600000,10400000,10400000
ESA,186000000,550000000,547000000
ESG,5090000,14200000,14400000
ESJ,2680000,2650000,2580000
ETB,19600000,19700000,21300000
ETC,1100000000,2900000000,2910000000
ETG,3200000,7330000,7310000
ETJ,8110000,7980000,7950000
ETK,15500000,15700000,15600000
ETM,9200000,9150000,9170000
ETN,10300000,10100000,9960000
ETP,10800000,10800000,10700000
ETS,26400000,76900000,76700000
FAC,48300000,124000000,128000000
FAM,50400000,156000000,159000000
FAW,37400000,37500000,38100000
FBC,8530000,27100000,26800000
FBH,3310000,3330000,3210000
FBJ,2400000,2410000,2360000
FBN,6610000,6660000,2000000
FBP,4660000,4720000,4710000
FBS,7570000,21600000,21500000
FBT,9560000,9600000,9490000
FBW,3550000,3580000,3590000
FDB,14500000,14600000,14600000
FDC,27800000,27900000,27800000
FDE,48500000,12200000,12500000
FDJ,8350000,8370000,8430000
FDK,6570000,6600000,6590000
FDM,12600000,12700000,12700000
FDN,5410000,5420000,5350000
FDP,24000000,24100000,24100000
FDS,22600000,22700000,22600000
FDT,7030000,7070000,7060000
FEB,2290000000,2290000000,2420000000
FEC,33200000,33400000,30300000
FEJ,8440000,8460000,8680000
FEP,11400000,11400000,11300000
FGB,4790000,4800000,4820000
FGC,8720000,8740000,8720000
FGD,5520000,5520000,5590000
FGE,4630000,4650000,4490000
FGH,6540000,6560000,6600000
FGJ,2500000,2510000,2540000
FGM,11000000,11000000,10800000
FGN,7030000,7110000,6740000
FGP,2910000,2920000,2890000
FGR,7260000,7300000,7220000
FGS,7760000,7800000,8300000
FGT,18100000,18200000,17800000
FHB,5970000,6110000,6230000
FHC,2770000,8230000,8250000
FHD,20400000,70400000,69900000
FHE,15800000,14100000,14100000
FHG,8130000,8160000,8120000
FHJ,2420000,2430000,2410000
FHK,2450000,2480000,2460000
FHM,19800000,19900000,19800000
FHN,5340000,5360000,5410000
FHP,5750000,5800000,2500000
FHS,3720000,8200000,2540000
FHT,5990000,5990000,5890000
FHW,2910000,2920000,13400000
FJB,3530000,21200000,21000000
FJE,2170000,2130000,2130000
FJG,2990000,2980000,2950000
FJH,2980000,2960000,2920000
FJK,3590000,18500000,3460000
FJM,3850000,3890000,3910000
FJN,2110000,2100000,2040000
FJP,2530000,2530000,2540000
FJS,7370000,7380000,7340000
FJT,3580000,3540000,3510000
FJW,2160000,2160000,2130000
FKC,3560000,3610000,3690000
FKD,12200000,12300000,12100000
FKH,2690000,2700000,2690000
FKJ,2800000,2810000,2790000
FKM,8570000,8630000,8520000
FKN,5800000,5900000,5930000
FKP,10100000,10200000,10300000
FKR,3150000,3160000,3130000
FKT,3960000,3980000,3900000
FKW,2010000,2020000,2010000
FMB,2250000,6770000,6770000
FMC,6310000,22400000,22200000
FMD,9940000,9960000,9900000
FMJ,5920000,5840000,2460000
FMK,4990000,5020000,4520000
FMP,9520000,9550000,3060000
FMR,9300000,9340000,9140000
FMT,24900000,25000000,24700000
FMW,3370000,3410000,3450000
FNE,5180000,5150000,6710000
FNG,4430000,4420000,4390000
FNH,4750000,4790000,4760000
FNK,3110000,3130000,3120000
FNM,3190000,8510000,8320000
FNP,9030000,14100000,9310000
FNS,4670000,15100000,14900000
FNW,2570000,2570000,2500000
FPB,3840000,3860000,3810000
FPC,6730000,20800000,20400000
FPD,2580000,8410000,2650000
FPG,6120000,6190000,1870000
FPH,4110000,4150000,4040000
FPJ,4140000,4120000,4040000
FPK,3000000,2990000,2930000
FPM,17700000,17800000,17400000
FPN,3560000,3590000,3580000
FPR,11800000,11700000,11500000
FPS,63300000,225000000,65000000
FPT,12500000,23900000,7040000
FPW,2820000,2800000,2770000
FSE,21600000,21800000,22000000
FSG,9270000,9340000,9320000
FSH,16300000,16500000,16400000
FSJ,6300000,14700000,6200000
FSK,7200000,23400000,23800000
FSN,7620000,7690000,7630000
FSR,16500000,16400000,5090000
FTB,10800000,10800000,10800000
FTC,35400000,35500000,35200000
FTD,15900000,16000000,16200000
FTH,7860000,7890000,7990000
FTJ,3400000,3410000,3470000
FTM,22400000,22500000,22600000
FTN,7990000,8020000,8110000
FTR,19600000,19700000,19900000
FTS,21300000,21400000,21600000
FWB,11600000,11600000,10800000
FWC,1790000,5800000,1790000
FWD,17400000,63000000,16500000
FWE,2660000,2640000,2640000
FWH,3520000,3560000,4120000
FWJ,1960000,1950000,1940000
FWK,2440000,2450000,2410000
FWM,4370000,4360000,4320000
FWN,2410000,2380000,2410000
FWP,3590000,3610000,3570000
FWS,2270000,6530000,3060000
FWT,3890000,3890000,3860000
GAC,26300000,26400000,26500000
GBA,27900000,110000000,109000000
GBC,7890000,26900000,26600000
GBD,5120000,5160000,5140000
GBF,6350000,6390000,6350000
GBM,9840000,10900000,10900000
GBR,17300000,52000000,52000000
GBS,6690000,21600000,21400000
GBW,3310000,3330000,3230000
GCB,7840000,7610000,7560000
GCD,9590000,9630000,9500000
GCE,4190000,12900000,12800000
GCF,2590000,8240000,8160000
GCH,6660000,6650000,6610000
GCP,3390000,13600000,13200000
GCR,2610000,8040000,7970000
GCS,5830000,15500000,15500000
GCT,8510000,8620000,8640000
GCW,3230000,3230000,3210000
GEB,19800000,43200000,19700000
GEC,49500000,23900000,15100000
GEF,6190000,15300000,15200000
GEH,35700000,32700000,35800000
GEJ,17500000,17500000,17400000
GEP,4080000,11800000,11800000
GEW,13800000,12400000,12300000
GFA,10300000,10300000,10200000
GFB,5100000,5120000,5110000
GFC,12900000,13000000,13000000
GFD,4120000,4140000,4000000
GFE,13100000,13100000,13200000
GFH,3270000,3280000,3310000
GFJ,3130000,3150000,3130000
GFM,6290000,6320000,6180000
GFP,10800000,11500000,11700000
GFS,44000000,44200000,42900000
GFT,8130000,8150000,8230000
GHC,2480000,10200000,10100000
GHD,6280000,18800000,7460000
GHE,24200000,19700000,18900000
GHJ,4100000,4140000,4110000
GHK,4330000,4360000,4340000
GHM,3720000,3720000,3650000
GHN,6240000,6250000,6210000
GHP,2400000,5960000,5910000
GHS,12500000,45300000,48800000
GHW,1200000,9100000,1170000
GJB,3140000,3140000,3170000
GJE,5750000,5750000,5720000
GJF,2230000,9600000,2200000
GJH,2270000,2280000,2270000
GJK,2200000,2230000,2180000
GJM,2930000,2950000,2930000
GJN,1610000,1640000,1680000
GJP,2180000,2200000,2180000
GJS,3170000,3190000,3190000
GJW,2270000,2280000,2280000
GKB,4400000,4420000,4400000
GKC,3970000,3990000,3950000
GKD,2720000,2740000,2720000
GKF,3210000,3220000,3190000
GKH,2740000,2750000,2710000
GKJ,3740000,3760000,3710000
GKM,4530000,4550000,4520000
GKP,16100000,7800000,7640000
GKR,3280000,3300000,3290000
GKS,3780000,13300000,13300000
GKT,2790000,2790000,2780000
GKW,3020000,3050000,2920000
GLB,9310000,9400000,9330000
GLM,4370000,11600000,11500000
GLN,2630000,7760000,7790000
GLP,12700000,35300000,35400000
GLR,34100000,7810000,7450000
GLW,1450000,4630000,4610000
GMC,54300000,192000000,55200000
GMD,5580000,19800000,19900000
GMK,8040000,8090000,7890000
GMN,12000000,12100000,12100000
GMW,7070000,7100000,7070000
GNE,10800000,10500000,10400000
GNF,15000000,15100000,15300000
GNH,2550000,2540000,2420000
GNJ,1630000,8430000,1620000
GNK,3410000,3430000,3410000
GNR,5490000,19700000,14500000
GNW,2600000,2620000,6970000
GPC,13500000,13600000,13600000
GPD,9960000,10600000,10600000
GPF,6350000,6370000,6420000
GPH,17400000,17500000,17500000
GPJ,12800000,2260000,2250000
GPK,4110000,4110000,4110000
GPM,20800000,20800000,21100000
GPR,27000000,27200000,27500000
GPW,9970000,10100000,9710000
GRC,13000000,30600000,12800000
GRE,36500000,107000000,37100000
GRH,5700000,5740000,5700000
GRN,40000000,40200000,39700000
GSA,27100000,27200000,27200000
GSC,17600000,17600000,17600000
GSF,13400000,13400000,13500000
GSH,8220000,8220000,8220000
GSJ,2800000,2810000,2790000
GSK,19000000,19100000,19100000
GSM,240000000,241000000,238000000
GSN,11100000,11300000,11300000
GSR,34400000,34700000,34700000
GTA,71500000,252000000,73900000
GTC,9290000,31800000,31700000
GTD,4540000,15200000,74100000
GTH,20500000,20400000,19300000
GTJ,2060000,2060000,2020000
GTK,12000000,12100000,3430000
GTM,31500000,31700000,31600000
GTN,5670000,5650000,5570000
GTP,5640000,15700000,15700000
GTS,22800000,81900000,81600000
GWA,7240000,7260000,7280000
GWB,1420000,4410000,4420000
GWC,1800000,5790000,1390000
GWF,5250000,5200000,5180000
GWH,5890000,6000000,5980000
GWJ,1810000,1810000,1810000
GWK,4150000,4170000,4180000
GWM,8910000,8900000,8910000
GWN,6290000,6260000,6090000
GWP,3130000,7340000,7180000
GWS,5600000,17700000,17600000
HAB,76400000,192000000,193000000
HBC,7050000,20700000,8380000
HBF,23100000,23400000,8190000
HBJ,4900000,4930000,4840000
HBK,13100000,13100000,12900000
HBM,10900000,10900000,10700000
HBN,4380000,4400000,4450000
HBP,3800000,18100000,3330000
HBS,7270000,26300000,6880000
HBW,4270000,4290000,4300000
HCB,15900000,15900000,15000000
HCE,7090000,7120000,7100000
HCK,3190000,3210000,3160000
HCM,53400000,154000000,154000000
HCP,17400000,17500000,17500000
HCS,5590000,17100000,16500000
HCT,16900000,15100000,15000000
HCW,4090000,4080000,4020000
HDA,11400000,11500000,11300000
HDB,4620000,16000000,15900000
HDC,5400000,19900000,5710000
HDJ,5170000,5190000,5130000
HDK,7900000,8060000,8360000
HDP,31700000,32300000,33200000
HDR,57600000,148000000,60900000
HDT,8940000,8900000,8760000
HEB,74300000,180000000,74200000
HEC,36200000,36300000,14900000
HEF,15200000,15000000,15200000
HEJ,78300000,78600000,78500000
HFB,4450000,22400000,4550000
HFC,16200000,16300000,15900000
HFJ,2170000,2180000,2200000
HFM,7010000,7070000,6720000
HFP,8340000,8370000,8450000
HFR,7740000,7760000,7780000
HGB,14800000,14900000,15000000
HGC,11300000,11300000,11800000
HGE,3810000,3830000,3800000
HGF,5260000,5260000,5280000
HGJ,3240000,3260000,3260000
HGM,4390000,4410000,4440000
HGP,8340000,8280000,9560000
HGT,6590000,6620000,6600000
HJA,28600000,27400000,29000000
HJB,3140000,3140000,3190000
HJE,2380000,2390000,2410000
HJF,2370000,2380000,2400000
HJK,7470000,7480000,7390000
HJM,3840000,3840000,3870000
HJN,2150000,2150000,2160000
HJP,2380000,12900000,2410000
HJS,7340000,7350000,7450000
HJT,3470000,3470000,3490000
HJW,2780000,2790000,2870000
HLB,2200000,6820000,2170000
HLK,4250000,4250000,4180000
HLM,16300000,16400000,15800000
HLS,8630000,27800000,8590000
HLW,5630000,5640000,5530000
HMC,6070000,16600000,16700000
HMK,2320000,5900000,5820000
HMP,13400000,13500000,13300000
HMT,10200000,10200000,10300000
HMW,4100000,4130000,4130000
HPC,8300000,29000000,28500000
HPF,5760000,6760000,6740000
HPJ,2400000,2410000,2410000
HPK,5550000,5570000,5420000
HPM,7170000,7210000,7180000
HPR,5940000,5970000,5840000
HPS,13700000,21400000,21300000
HPT,14100000,14100000,13900000
HPW,4230000,4250000,4220000
HRC,29100000,29400000,29100000
HRF,8910000,8950000,8490000
HRJ,2330000,2330000,2310000
HRN,12500000,9820000,9800000
HRP,3940000,10900000,3930000
HRS,98800000,316000000,96100000
HRW,15400000,11600000,4420000
HSA,5700000,17700000,5450000
HSB,15200000,15200000,4060000
HSC,11000000,33100000,11200000
HSE,16000000,48200000,14400000
HSF,5750000,5810000,5740000
HSJ,4290000,4300000,4240000
HSR,5160000,17400000,4760000
HTB,70200000,70500000,70100000
HTC,88100000,330000000,322000000
HTE,14400000,14200000,13500000
HTF,16500000,16700000,16100000
HTJ,2100000,2080000,2060000
HTK,4670000,4690000,4680000
HTM,514000000,1910000000,521000000
HTP,17700000,17800000,18100000
HWA,9750000,31300000,31300000
HWB,4630000,4620000,4640000
HWC,6360000,6390000,6430000
HWE,4060000,4090000,4080000
HWF,2830000,2840000,2850000
HWJ,3090000,3090000,3060000
HWK,6280000,6310000,6310000
HWN,5900000,5590000,5600000
HWP,29200000,29300000,29000000
HWS,4160000,10400000,10300000
HWT,4470000,4530000,4360000
JBA,7570000,7630000,7440000
JBC,15500000,15500000,15500000
JBD,4080000,4090000,4270000
JBE,3250000,3260000,3290000
JBF,3490000,3500000,3540000
JBG,6120000,6130000,6180000
JBH,3990000,4010000,4050000
JBL,104000000,105000000,105000000
JBM,8410000,8400000,8470000
JBN,3110000,3110000,3230000
JBP,17000000,17000000,17100000
JBS,17700000,17800000,17800000
JBT,5550000,5500000,5300000
JBW,7600000,7690000,7340000
JCD,5780000,5800000,5790000
JCE,8130000,8160000,8180000
JCF,5720000,5770000,5850000
JCG,3920000,3930000,4010000
JCL,8970000,8980000,9090000
JCM,13100000,13200000,13200000
JCP,12800000,12800000,12900000
JCS,10200000,10300000,9890000
JCW,10600000,10600000,10600000
JDA,2610000,6390000,6360000
JDB,5660000,5430000,5160000
JDC,7990000,8040000,8040000
JDE,40700000,40900000,40300000
JDM,17800000,61100000,61100000
JDN,10100000,10100000,10100000
JDP,3690000,3710000,3770000
JDR,9500000,9540000,9590000
JDS,402000000,403000000,137000000
JDT,7740000,7780000,7780000
JEB,23300000,23400000,23600000
JEC,8900000,8910000,9010000
JEH,6850000,6860000,7020000
JEM,49100000,49100000,50100000
JEP,28200000,28300000,28700000
JGB,3800000,3800000,3840000
JGC,5120000,5130000,5220000
JGD,3260000,3260000,3270000
JGE,2190000,2190000,2220000
JGF,2240000,2220000,2230000
JGH,3230000,3240000,3270000
JGL,7010000,7580000,7580000
JGM,3870000,3900000,3990000
JGP,3320000,3360000,3330000
JGR,15600000,15900000,15300000
JGS,4890000,4910000,4980000
JGT,2220000,2210000,2190000
JHC,5560000,5560000,5540000
JHD,4540000,4520000,4510000
JHE,7580000,7450000,7430000
JHF,42900000,99300000,3590000
JHN,4460000,4320000,4340000
JHP,3860000,3890000,4020000
JHT,4940000,4880000,4840000
JKB,2780000,2800000,2780000
JKC,1360000,3560000,3590000
JKD,5240000,4140000,4090000
JKF,5510000,5520000,5460000
JKM,4860000,4880000,4910000
JKN,3830000,3860000,3780000
JKP,7670000,7720000,7690000
JKR,6500000,6550000,6510000
JKS,9730000,9800000,9750000
JKT,17500000,61200000,15400000
JKW,2870000,2870000,2830000
JLA,97000000,26800000,27200000
JLB,6230000,6260000,6180000
JLF,4960000,4940000,4900000
JLG,3740000,16100000,12800000
JLH,7570000,3870000,4350000
JLM,7680000,7700000,7620000
JLP,9040000,7840000,7830000
JLS,3200000,10200000,10100000
JLW,2830000,2810000,2800000
JMB,4380000,8130000,8140000
JMC,7700000,29300000,29400000
JMD,36200000,36300000,36400000
JME,7910000,7870000,7890000
JML,10600000,10700000,10700000
JMN,3010000,2990000,2980000
JMP,12300000,12400000,12400000
JMR,5690000,5710000,5660000
JMT,2680000,9060000,9130000
JMW,1970000,6110000,6130000
JNE,113000000,113000000,113000000
JNF,3770000,3750000,3750000
JNH,2270000,2230000,2220000
JNM,3810000,3810000,3770000
JNP,3550000,3550000,3530000
JNR,297000000,946000000,946000000
JNW,1620000,1610000,1590000
JPB,5630000,5660000,5690000
JPC,12600000,12700000,12800000
JPD,3930000,3940000,3910000
JPF,3390000,3400000,3430000
JPH,3600000,3610000,3660000
JPL,16700000,16700000,16900000
JPM,25200000,25500000,24800000
JPN,80700000,80900000,80900000
JPS,16000000,16100000,16300000
JPT,6240000,6240000,6270000
JPW,3650000,3660000,3680000
JRB,8550000,8610000,5420000
JRC,13900000,13900000,13800000
JRE,11800000,11800000,11900000
JRF,5920000,5930000,5940000
JRG,5470000,5480000,5570000
JRL,5640000,5660000,5720000
JRM,5740000,5760000,5700000
JRP,6350000,6440000,6210000
JRS,28400000,28400000,28800000
JRW,2510000,2520000,2600000
JSB,84400000,19000000,15000000
JSC,28700000,28800000,28000000
JSD,5650000,5660000,5710000
JSE,7520000,7510000,7600000
JSF,18500000,18600000,18800000
JSG,6340000,6370000,6430000
JSL,17700000,17700000,17800000
JSN,4260000,4280000,4300000
JTA,3050000,8160000,8110000
JTB,6300000,22900000,5930000
JTD,5950000,23000000,22700000
JTE,5980000,5940000,5900000
JTF,5590000,5550000,1540000
JTG,3910000,3920000,3910000
JTH,8390000,8680000,8920000
JTM,7630000,7570000,7560000
JTN,2860000,2850000,2850000
JTP,3460000,3500000,3500000
JTS,12700000,12700000,6170000
JWB,5350000,5370000,5390000
JWC,4330000,4340000,4350000
JWD,2800000,2790000,2790000
JWE,4010000,3970000,3890000
JWF,2210000,2190000,2200000
JWH,3520000,3500000,3480000
JWL,9120000,9120000,9100000
JWM,3490000,3490000,3450000
JWN,2730000,2750000,2750000
JWP,3270000,3260000,3100000
JWS,5880000,5880000,5870000
JWT,5010000,9890000,9780000
KAM,127000000,280000000,110000000
KAP,35500000,99700000,99600000
KBA,16500000,16600000,4110000
KBC,7280000,26300000,7200000
KBD,6340000,6390000,6430000
KBE,6370000,6410000,6330000
KBF,10900000,10900000,10600000
KBH,11900000,12200000,11800000
KBJ,4920000,5060000,5090000
KBM,7900000,7940000,7790000
KBT,8670000,8800000,8580000
KBW,3860000,3870000,1080000
KCB,8840000,8350000,8320000
KCD,1010000,3980000,3930000
KCE,4050000,4060000,4040000
KCF,2840000,2860000,2860000
KCJ,2460000,2470000,2440000
KCP,10900000,10800000,10700000
KCR,10200000,10200000,10100000
KCS,69800000,263000000,10200000
KCW,2760000,2770000,2770000
KDA,24000000,25200000,24100000
KDB,6590000,6600000,6380000
KDC,4570000,17700000,4710000
KDE,45000000,131000000,44000000
KDF,8040000,8110000,8880000
KDJ,5920000,5950000,5910000
KDN,4840000,4860000,4820000
KDP,2190000,6500000,6510000
KDR,6280000,6360000,6410000
KDS,6430000,23800000,23300000
KDT,4950000,4950000,4920000
KEB,5890000,18300000,18200000
KEC,39900000,39900000,39800000
KEH,16500000,16500000,16400000
KFB,6630000,6650000,6660000
KFD,7080000,7130000,7120000
KFH,4530000,4530000,4470000
KFJ,2610000,2620000,2620000
KFM,9450000,9490000,9400000
KFN,2740000,2750000,2770000
KFR,4700000,4710000,4750000
KFT,54700000,54800000,55200000
KGB,22500000,22600000,7600000
KGH,3500000,3510000,3500000
KGM,13100000,13100000,13200000
KGR,4050000,4060000,4220000
KGT,3140000,3160000,3140000
KHB,6940000,7040000,6290000
KHF,5720000,5740000,5850000
KHJ,3880000,3890000,3900000
KHP,3870000,3890000,3850000
KJB,21700000,21800000,21800000
KJE,15000000,15000000,14900000
KJF,2490000,2510000,2510000
KJM,3880000,3920000,3910000
KJN,1910000,1920000,1920000
KJR,3060000,3080000,3100000
KJS,5190000,5220000,5240000
KJT,2730000,2750000,2750000
KJW,3260000,3280000,3320000
KLA,17600000,17500000,17400000
KLB,8830000,8720000,8580000
KLJ,3440000,3470000,3480000
KLM,13700000,43900000,43900000
KLP,6100000,6170000,6180000
KNB,7320000,7370000,7220000
KNE,8190000,8170000,8110000
KNJ,2940000,2940000,2920000
KNM,4900000,4920000,4870000
KNP,10600000,10600000,10700000
KPB,3650000,3680000,3650000
KPC,3300000,10300000,10300000
KPD,15500000,15600000,-1
KPF,4030000,4130000,4540000
KPH,17400000,17500000,5820000
KPJ,1680000,3920000,1220000
KPM,18800000,115000000,4730000
KPR,16300000,44200000,16200000
KPT,3240000,11200000,11200000
KPW,12600000,12700000,12900000
KRC,9190000,9220000,9300000
KRE,17300000,17300000,17300000
KRJ,3030000,3030000,3040000
KRM,8200000,8230000,8240000
KSB,12900000,12900000,12900000
KSE,8000000,8050000,8050000
KSR,15600000,15700000,15600000
KTB,7550000,7580000,7590000
KTC,38400000,39000000,39200000
KTH,13200000,13300000,13500000
KTJ,1850000,76500000,74600000
KWC,8520000,47600000,8500000
KWD,58300000,58600000,57400000
KWF,70700000,71000000,5110000
KWH,55500000,55500000,55900000
KWP,7700000,7720000,7790000
KWS,8790000,8830000,8780000
LBH,14900000,15000000,15000000
LBK,5010000,5040000,5020000
LBM,8360000,8420000,8290000
LBN,13100000,13100000,13200000
LBP,42400000,42600000,42600000
LCB,7770000,7810000,7890000
LCF,7320000,7470000,7420000
LCP,13700000,13700000,14400000
LCT,10100000,10200000,10300000
LDC,14400000,14500000,14500000
LDF,8220000,8280000,8190000
LDP,8930000,47300000,47100000
LDT,10200000,10200000,10200000
LEF,13500000,13500000,13500000
LEM,25300000,61900000,204000000
LEP,85800000,27200000,27700000
LFB,6660000,6880000,6510000
LFC,18100000,20600000,17800000
LFD,7710000,7680000,7630000
LFE,9400000,9400000,9870000
LFG,3330000,7840000,7820000
LFH,4030000,4050000,3980000
LFJ,2130000,2110000,2100000
LFM,2910000,7910000,7850000
LFN,2850000,2840000,2890000
LJB,3000000,3010000,3020000
LJE,2670000,2640000,2640000
LJF,2120000,2100000,2110000
LJH,6740000,8970000,3620000
LJK,37700000,176000000,4570000
LJM,3050000,3050000,3110000
LJN,3820000,3820000,3840000
LJP,2260000,2260000,11100000
LJT,3580000,3560000,3560000
LKC,2560000,2570000,2560000
LKD,3120000,3130000,3070000
LKF,3680000,3300000,3230000
LKJ,3530000,3550000,3570000
LKM,5110000,5150000,5160000
LKT,5370000,5370000,5240000
LMB,2910000,8970000,8880000
LMC,21200000,21300000,18500000
LMD,10100000,10100000,9710000
LMJ,2980000,2990000,3030000
LMK,7640000,7670000,7730000
LNF,4570000,4530000,4540000
LNG,35400000,145000000,145000000
LNH,7310000,7320000,7200000
LNJ,2340000,2330000,2320000
LNM,3580000,3510000,3480000
LNP,5310000,5350000,5340000
LPF,11800000,11700000,11700000
LPH,6300000,6340000,6320000
LPJ,3170000,3180000,3200000
LPN,22500000,22600000,22800000
LRB,4480000,4490000,4520000
LRC,16000000,16100000,16100000
LRG,52400000,52600000,52700000
LRJ,2370000,2370000,2390000
LRK,2780000,2780000,2810000
LRN,4830000,4840000,5020000
LRP,9510000,9530000,9610000
LSB,11400000,11500000,11200000
LSG,11300000,11000000,4020000
LSJ,1400000,4740000,4730000
LSK,9250000,9340000,9230000
LSM,7190000,20500000,6540000
LSN,6060000,26600000,6050000
LTB,12000000,12000000,11800000
LTC,20400000,37000000,11800000
LTE,56400000,212000000,54400000
LTF,16400000,16600000,17000000
LTG,3310000,7650000,6770000
LTH,14500000,14400000,14400000
LTJ,4120000,4110000,4090000
LTP,13400000,13600000,13200000
LWD,6350000,6390000,2130000
LWE,5950000,5970000,22400000
LWF,3460000,3470000,3480000
LWH,4020000,4040000,3860000
LWJ,2320000,2330000,2320000
LWP,8690000,8700000,8580000
MBF,6880000,6910000,6910000
MBK,37100000,37400000,37600000
MBN,19500000,19500000,19500000
MBR,23800000,23900000,24000000
MFB,6460000,6510000,57300000
MFH,9680000,9740000,9930000
MFS,4870000,17900000,5210000
MFT,19100000,19200000,19300000
MGR,30400000,86800000,27500000
MHB,6000000,6020000,6070000
MHF,6350000,6390000,6400000
MHJ,3270000,3280000,3440000
MHN,6180000,6150000,6100000
MHS,18700000,18700000,18700000
MJB,4010000,9580000,8060000
MJG,4840000,4870000,4850000
MJH,5060000,5120000,5140000
MJR,2160000,7110000,7060000
MJS,109000000,295000000,8410000
MLF,10700000,10800000,10500000
MLH,6200000,6240000,6190000
MLK,13400000,42100000,14400000
MLR,7260000,7300000,7210000
MPF,13600000,13700000,13600000
MPJ,3050000,3060000,3060000
MPS,271000000,171000000,169000000
MPT,7260000,18700000,19100000
MRH,12300000,12400000,12600000
MRJ,5460000,5450000,5430000
MWB,5980000,6010000,5850000
MWJ,1550000,1550000,1570000
MWN,4630000,4640000,4620000
MWS,8680000,8740000,8460000
MWT,4350000,4380000,4440000
NAC,15600000,45100000,45000000
NAF,67700000,68200000,68300000
NAR,53700000,121000000,53500000
NBD,14400000,14600000,14400000
NBE,5600000,5460000,5250000
NBF,4970000,21100000,4980000
NBH,4530000,4570000,4480000
NBJ,3130000,3140000,3120000
NBK,14100000,36900000,29700000
NBL,19700000,19700000,19400000
NBM,4200000,4240000,4250000
NBP,7490000,7540000,7380000
NBR,9370000,33400000,33400000
NBS,19000000,26400000,26400000
NBW,4050000,4020000,3940000
NCB,5580000,11700000,11600000
NCD,11400000,11500000,11500000
NCF,5140000,5200000,5180000
NCG,4130000,4130000,4160000
NCH,3960000,12600000,12600000
NCJ,2120000,2130000,2140000
NCK,6800000,6690000,6660000
NCM,10700000,10600000,10700000
NCP,6070000,31100000,31400000
NCR,27600000,80000000,80600000
NCW,5270000,5520000,5470000
NDE,38900000,118000000,39000000
NDF,6210000,6260000,6110000
NDH,5750000,5760000,5730000
NDK,7820000,7860000,7800000
NDM,4850000,4840000,4860000
NDP,5060000,22400000,22400000
NDS,17000000,51900000,15400000
NEF,20500000,20500000,21500000
NEH,22700000,22800000,23500000
NEJ,82700000,82800000,83300000
NEM,427000000,428000000,180000000
NEP,26500000,26500000,27300000
NER,162000000,162000000,167000000
NES,149000000,149000000,154000000
NFA,10600000,10700000,3820000
NFB,3600000,5020000,4920000
NFC,37400000,124000000,52400000
NFD,5050000,5060000,4750000
NFE,8170000,8170000,8180000
NFH,3020000,3030000,2970000
NFJ,2740000,2750000,2740000
NFM,3880000,5990000,1490000
NFP,8280000,8000000,7930000
NFR,7560000,7960000,2570000
NFS,11100000,43600000,10600000
NGC,23300000,23500000,23300000
NGH,8830000,8870000,8850000
NGJ,1530000,1540000,1540000
NGL,14300000,14500000,4120000
NGM,10400000,10400000,10300000
NGR,14700000,14100000,13700000
NHB,5820000,5850000,5870000
NHC,11100000,11100000,11300000
NHE,19500000,19600000,19600000
NHF,2680000,2680000,2680000
NHG,4780000,4810000,4820000
NHJ,2540000,2550000,2650000
NHM,6880000,6900000,6920000
NHP,6680000,6700000,6810000
NHS,89700000,90000000,89600000
NHW,5090000,4970000,5120000
NJA,9680000,9700000,9820000
NJB,3220000,3230000,3220000
NJE,53000000,53100000,53500000
NJG,1770000,1770000,1790000
NJH,2040000,2050000,2070000
NJL,3860000,3860000,4430000
NJM,2570000,2580000,2640000
NJP,3240000,3250000,3510000
NJR,5640000,5650000,5660000
NJS,5270000,5260000,5300000
NJW,4570000,4560000,4540000
NKA,9540000,9560000,9570000
NKB,3760000,3800000,3750000
NKD,10600000,10700000,9360000
NKF,6070000,6110000,1500000
NKH,2590000,2600000,2580000
NKJ,2330000,2340000,2340000
NKL,8950000,9030000,9370000
NKP,3840000,3860000,3850000
NKR,17700000,18000000,16700000
NKS,7860000,7890000,7790000
NKW,5580000,5600000,5620000
NLB,13600000,13700000,13600000
NLH,3790000,3790000,3710000
NLJ,1840000,9490000,1840000
NLM,74100000,75300000,75500000
NLR,2320000,7010000,7010000
NLS,12800000,12800000,12700000
NLW,2620000,2610000,2610000
NMC,4250000,14200000,14200000
NMD,16400000,47000000,46900000
NMJ,7820000,2700000,2490000
NMK,3420000,3450000,3440000
NML,2450000,8660000,8680000
NMP,9520000,9650000,3250000
NMR,13200000,34300000,13700000
NMW,3590000,5130000,5110000
NPC,30200000,292000000,72100000
NPD,15700000,13100000,13000000
NPF,1650000,5330000,5320000
NPG,4390000,15000000,13800000
NPH,8650000,9450000,9380000
NPJ,2260000,2280000,2280000
NPK,22100000,22100000,19000000
NPM,7580000,18400000,18500000
NPR,25800000,89000000,40100000
NPS,10900000,30900000,108000000
NPW,5070000,5080000,5040000
NSB,11400000,11500000,51400000
NSC,47500000,26300000,25500000
NSD,18300000,13000000,2960000
NSF,21600000,73300000,26700000
NSG,10500000,10600000,10700000
NSJ,3120000,3110000,3100000
NSL,7120000,11600000,11600000
NSM,7430000,7420000,2350000
NSR,26400000,26500000,6720000
NTA,26100000,26200000,26400000
NTC,26400000,26500000,26400000
NTF,5760000,5780000,5820000
NTG,10400000,10400000,10400000
NTJ,2540000,2550000,2600000
NTK,14700000,14800000,15000000
NTM,10900000,10900000,11100000
NTP,18500000,18500000,18600000
NTS,40600000,40700000,41700000
NWB,5560000,5580000,5560000
NWC,5430000,5450000,5480000
NWD,3210000,3220000,3240000
NWE,9050000,9080000,2980000
NWF,3670000,3670000,3690000
NWH,2260000,2260000,2280000
NWJ,1710000,1710000,1720000
NWK,4930000,4950000,4970000
NWL,6340000,6400000,6060000
NWM,7840000,7840000,1970000
NWP,4520000,4560000,4480000
NWS,23600000,23600000,6890000
PCD,24800000,95500000,95400000
PCE,19300000,90400000,19300000
PCF,3940000,12600000,12600000
PCH,5810000,19200000,19400000
PCJ,3360000,3400000,3410000
PFA,8980000,22900000,22400000
PFC,10100000,31300000,31300000
PFD,5150000,11400000,3690000
PFE,14000000,8330000,8340000
PFH,2640000,2660000,2680000
PFM,10300000,10400000,3630000
PFS,4310000,12500000,12600000
PGB,4610000,4640000,4580000
PGC,4030000,11400000,11400000
PGE,13200000,14800000,4940000
PGJ,3890000,3910000,3770000
PGM,5790000,18300000,18100000
PGN,22100000,22100000,22000000
PGR,8050000,22800000,22400000
PGS,9150000,29800000,8910000
PJB,3700000,3710000,3710000
PJE,37800000,9040000,9000000
PJF,2500000,2500000,2540000
PJH,2850000,2850000,2890000
PJN,4280000,4290000,4340000
PJR,4030000,4050000,4190000
PJS,41000000,41000000,42000000
PJW,2320000,2330000,2410000
PKD,22400000,22500000,22500000
PKF,5030000,5040000,5050000
PKJ,2830000,2850000,2750000
PKM,9960000,9970000,10100000
PKS,29600000,29600000,29500000
PLA,130000000,130000000,131000000
PLB,6050000,6000000,6150000
PLF,5130000,5140000,5170000
PLJ,2490000,2490000,2540000
PLR,14300000,14300000,14500000
PME,50600000,50700000,50600000
PMJ,4250000,4260000,4280000
PMN,7250000,7250000,7300000
PNF,6730000,6840000,6870000
PNJ,16200000,27400000,28300000
PNW,13600000,18300000,18200000
PRE,751000000,2230000000,2240000000
PRF,20300000,21000000,21100000
PRJ,10500000,10500000,10300000
PRM,10500000,33800000,33700000
PRS,14400000,47100000,46800000
PRW,11300000,11400000,11000000
PSB,25200000,25500000,13500000
PSF,7050000,24000000,24100000
PSN,18300000,63000000,20000000
PTD,8850000,8800000,8570000
PTE,27900000,96400000,28500000
PTM,10500000,10600000,10600000
PTN,11100000,11100000,11200000
PTR,10400000,32200000,32000000
PTS,49400000,146000000,146000000
PWA,8010000,8110000,8060000
PWB,4520000,4550000,4730000
PWC,14900000,47800000,14800000
PWD,7020000,17600000,17500000
PWF,2960000,2970000,2870000
PWH,4020000,4040000,3940000
PWJ,1860000,1870000,1880000
PWS,12600000,12700000,12500000
RAF,98000000,98300000,99200000
RBC,13600000,41100000,174000000
RBF,9200000,9330000,9100000
RBG,6410000,7990000,7940000
RBH,3740000,3740000,3760000
RBJ,2380000,2400000,2410000
RBL,23600000,23800000,23300000
RBN,4270000,4280000,4290000
RBP,6910000,6980000,6750000
RBS,10200000,39900000,39700000
RBT,7200000,36000000,33600000
RCD,7170000,24700000,7390000
RCE,11300000,11300000,35300000
RCF,14800000,14900000,5820000
RCG,10500000,6730000,7010000
RCJ,2490000,2500000,2490000
RCK,5840000,5820000,5740000
RCP,129000000,508000000,488000000
RCT,23100000,23400000,23200000
REH,9000000,30300000,30100000
REJ,5260000,14200000,14300000
RFA,18500000,18500000,18100000
RFB,6880000,6940000,6890000
RFC,10200000,30400000,9950000
RFE,3000000,10300000,10300000
RFG,3230000,3220000,3200000
RFH,2770000,4650000,2690000
RFJ,3040000,2940000,2910000
RFL,10400000,10300000,10200000
RFM,11400000,11400000,11400000
RFN,4570000,4580000,4580000
RFT,16500000,16500000,16400000
RGB,57600000,200000000,200000000
RGC,1780000,5530000,5480000
RGD,5870000,5980000,6040000
RGE,13800000,13800000,13100000
RGF,5200000,5220000,5180000
RGH,8730000,8760000,8840000
RGJ,2700000,2730000,2730000
RGM,8700000,8750000,8670000
RGP,7030000,7080000,7030000
RHB,8790000,8840000,8870000
RHC,3670000,10800000,10700000
RHF,4670000,4700000,24800000
RHG,4630000,4620000,4450000
RHJ,4410000,4530000,3900000
RHK,2700000,2890000,2850000
RHM,7860000,7870000,7780000
RHN,2950000,12700000,2940000
RHS,22400000,22700000,22700000
RHT,7160000,7150000,7130000
RJB,4010000,4030000,4020000
RJE,3320000,3310000,3310000
RJF,2550000,2550000,2560000
RJG,2010000,1990000,2000000
RJM,4770000,4810000,4790000
RJP,2610000,2600000,2590000
RJS,275000000,671000000,4630000
RJT,3020000,3010000,3030000
RKA,5710000,5780000,6110000
RKB,4650000,4680000,4650000
RKC,13200000,13400000,14400000
RKF,12100000,12200000,12600000
RKJ,1560000,1570000,1570000
RKL,6530000,11700000,5460000
RKM,5780000,5830000,6380000
RKN,2740000,2740000,2720000
RLA,8270000,8280000,8320000
RLB,4710000,4720000,4670000
RLD,9920000,9970000,9950000
RLF,3970000,3980000,4010000
RLH,2670000,2670000,2670000
RLJ,2470000,2470000,2480000
RLM,6020000,6060000,6100000
RLN,3780000,3690000,3660000
RLP,9360000,9430000,9330000
RLS,5750000,16400000,16400000
RMB,15600000,49600000,49200000
RMC,17700000,44800000,44700000
RMD,2880000,8780000,8630000
RMJ,3640000,3680000,3680000
RMN,14900000,15000000,15600000
RMP,10400000,10500000,10300000
RNF,3130000,3140000,3180000
RNG,22100000,22300000,21800000
RNK,5600000,5610000,5540000
RNP,5980000,5980000,6040000
RPC,13200000,38100000,38000000
RPD,8200000,8200000,8210000
RPF,9790000,9750000,9690000
RPH,2710000,7880000,8030000
RPJ,2050000,2040000,2060000
RPK,12100000,12200000,12500000
RPL,9080000,9140000,9140000
RPS,7540000,21600000,21500000
RPT,5030000,15400000,15300000
RTD,5790000,18500000,5830000
RTE,20300000,61500000,20800000
RTF,27800000,107000000,25600000
RTH,13100000,13000000,12800000
RTJ,4430000,4390000,4330000
RTK,9740000,9850000,9790000
RTN,3220000,10200000,6800000
RTP,8090000,25300000,7880000
RWA,16500000,16700000,16500000
RWB,2190000,7010000,7050000
RWC,3190000,9330000,9550000
RWD,33200000,33300000,32900000
RWE,10600000,10700000,10800000
RWH,1520000,6470000,2330000
RWJ,1250000,2490000,2430000
RWK,2240000,2250000,2270000
RWM,4590000,4540000,4550000
RWP,19600000,19800000,3670000
RWS,11400000,11400000,11400000
RWT,3690000,3690000,3670000
SBE,3050000,9840000,9740000
SBJ,4960000,4960000,4890000
SCB,6820000,22300000,22100000
SCG,13700000,13800000,13700000
SCJ,7310000,7350000,7290000
SCP,12100000,38300000,38100000
SCR,27500000,92600000,91700000
SDB,45200000,45400000,45400000
SDH,34900000,35100000,35100000
SGB,6430000,16000000,5460000
SGE,7610000,7600000,7330000
SGJ,3660000,3680000,3760000
SGM,14200000,14200000,13900000
SGP,11800000,29800000,30100000
SKJ,7010000,7100000,7290000
SKM,14200000,14200000,14200000
SKR,18600000,18100000,18000000
SKW,4440000,20400000,4460000
SPH,8310000,27000000,7590000
SPJ,9040000,7340000,7270000
SPR,19400000,60100000,59400000
SRB,25300000,25500000,25400000
SRK,33900000,27800000,9900000
SRM,23700000,23900000,7790000
SRW,9140000,9550000,9160000
SWB,15000000,15100000,15000000
SWE,19400000,48300000,18000000
SWK,5120000,5140000,5110000
TBD,30900000,31200000,31500000
TBK,39100000,39300000,38900000
TBL,28100000,28200000,28100000
TBM,36200000,36500000,36600000
TBR,59900000,14100000,8650000
TCD,17500000,21100000,19100000
TCF,9770000,9890000,9900000
TCK,41500000,8940000,8860000
TCR,8170000,23400000,8910000
TCW,10300000,10400000,10300000
TDB,6460000,6510000,6510000
TDC,7910000,25800000,25400000
TDH,7110000,7180000,7190000
TDM,27100000,27300000,27300000
TDN,6270000,6320000,6270000
TDP,9230000,31000000,31200000
TDS,18800000,54000000,53700000
TEC,59900000,197000000,195000000
TEP,6890000,21500000,21400000
TES,106000000,259000000,259000000
TFB,6270000,6310000,6310000
TFC,7300000,23400000,23500000
TFD,7200000,7250000,7150000
TFG,6880000,6860000,6950000
TFH,5470000,5480000,5400000
TFM,11900000,11900000,11900000
TFP,11900000,12100000,11800000
TFR,13400000,13400000,13400000
TGB,13900000,65500000,14000000
TGC,3390000,10900000,3420000
TGF,4380000,11200000,11200000
TGL,37700000,37800000,37600000
TGP,39000000,39200000,39600000
TGS,9010000,23200000,23000000
THB,133000000,134000000,133000000
THC,45100000,45200000,47000000
THD,22300000,22400000,22400000
THK,15500000,15500000,16300000
THM,39600000,39600000,40400000
THP,21400000,21400000,21000000
THW,14900000,14900000,15000000
TJB,3330000,3380000,3300000
TJF,2720000,2710000,2720000
TJK,13800000,13900000,13700000
TJN,5770000,5840000,5860000
TJP,2880000,2850000,2820000
TJR,7100000,7110000,7060000
TJW,2090000,2090000,2040000
TKB,5800000,5830000,5810000
TKH,2670000,2690000,2730000
TKL,7650000,7750000,7710000
TKM,30400000,30600000,30500000
TKR,3930000,14000000,13800000
TKW,16300000,16400000,16500000
TLB,9750000,9810000,9880000
TLF,69300000,69500000,69200000
TLG,27400000,27400000,27300000
TLK,8510000,8530000,8420000
TLP,30600000,30900000,31700000
TLR,15800000,16100000,15600000
TLW,6980000,6880000,6750000
TMD,11700000,16000000,16000000
TMK,9870000,9920000,9850000
TNB,11200000,11300000,11300000
TNK,10300000,10400000,10300000
TNM,8870000,8880000,8890000
TNP,9720000,9750000,2600000
TNS,27100000,27200000,9190000
TNW,5790000,5810000,1820000
TRB,11500000,11600000,3780000
TRH,25900000,26000000,25500000
TRL,16100000,64500000,20000000
TRP,19800000,20100000,19700000
TSC,8950000,29700000,29600000
TSD,14200000,14400000,14500000
TSG,7130000,22300000,6820000
TSM,9040000,30200000,9860000
TWC,4300000,13100000,13500000
TWD,26100000,105000000,104000000
TWH,4570000,4640000,4670000
TWK,4740000,4740000,4710000
TWL,7140000,7160000,7170000
TWM,5870000,5860000,5850000
TWN,22300000,22300000,22500000
TWP,53600000,53200000,52800000
TWS,17000000,17100000,17100000
WAC,6970000,23400000,23600000
WAF,4300000,13600000,13500000
WAJ,5530000,5470000,5460000
WBA,6420000,17400000,17000000
WBC,11500000,33900000,28800000
WBD,2880000,2880000,2860000
WBE,1360000,3760000,3790000
WBF,4080000,4100000,4150000
WBG,17300000,53700000,56100000
WBH,3220000,3230000,3210000
WBJ,1510000,1540000,1530000
WBK,9720000,42900000,9640000
WBL,2370000,8350000,6550000
WBN,2270000,2280000,2280000
WBP,4950000,4990000,5010000
WBR,37500000,37600000,37500000
WBS,4130000,13500000,13100000
WBT,8570000,8640000,8660000
WCB,7410000,7450000,7510000
WCD,5140000,5170000,5460000
WCE,4590000,4600000,4600000
WCF,5640000,16600000,16600000
WCG,7140000,7200000,7260000
WCJ,1360000,1360000,1370000
WCK,2310000,2310000,2320000
WCL,2780000,9710000,9730000
WCM,5420000,17600000,17700000
WCP,13800000,13900000,13800000
WCR,5430000,5410000,5420000
WCS,8350000,26500000,8520000
WCT,8070000,8100000,7880000
WDA,4300000,4310000,4280000
WDB,5330000,5330000,5390000
WDC,8210000,13300000,13300000
WDE,2940000,2920000,2890000
WDF,4470000,4530000,4570000
WDJ,2370000,2350000,2350000
WDK,3590000,3620000,3640000
WDM,10400000,10500000,10500000
WDN,2300000,2320000,2310000
WDP,4430000,4450000,4440000
WDT,4420000,683000,4450000
WEC,5900000,12400000,12600000
WEJ,3820000,3850000,3860000
WEP,19500000,19600000,6570000
WER,164000000,352000000,352000000
WES,30100000,91400000,90800000
WFA,3930000,3890000,3880000
WFB,13700000,47500000,8790000
WFC,2260000,7220000,2130000
WFD,3410000,3560000,1490000
WFE,3020000,3020000,2960000
WFG,2120000,4100000,1950000
WFJ,1800000,1790000,1800000
WFL,7010000,6890000,6890000
WFM,2240000,6280000,5940000
WFN,2160000,2170000,2160000
WFP,2620000,9060000,2580000
WFR,3640000,3620000,3630000
WFS,10900000,11000000,10500000
WFT,2140000,6120000,6060000
WGB,1990000,1990000,1990000
WGC,2440000,5770000,5670000
WGD,1610000,1620000,1610000
WGF,7340000,7400000,7420000
WGH,2090000,2100000,2110000
WGJ,1340000,1350000,1360000
WGL,6590000,6600000,6560000
WGM,4800000,4590000,4620000
WGN,5950000,22600000,22400000
WGR,4960000,4960000,4950000
WGS,19800000,19900000,20100000
WHB,3930000,4450000,4200000
WHC,2060000,6870000,6930000
WHD,5360000,5310000,5260000
WHE,23000000,23000000,22600000
WHG,7680000,7680000,7710000
WHJ,1960000,1940000,1930000
WHM,2480000,7710000,7640000
WHN,5360000,5370000,5310000
WHS,4120000,14100000,14000000
WHT,79700000,79800000,77900000
WJA,2360000,2330000,2310000
WJB,3170000,3180000,3200000
WJE,1410000,1380000,1380000
WJG,2300000,2320000,2340000
WJH,2100000,9390000,2110000
WJK,6160000,6180000,6090000
WJL,3470000,3450000,3470000
WJM,2450000,2440000,2450000
WJN,1740000,1670000,1760000
WJP,1580000,1570000,1570000
WJS,3420000,3430000,3420000
WJT,3290000,3290000,3300000
WKC,2980000,3000000,3050000
WKD,4200000,4240000,4240000
WKF,4170000,4180000,4200000
WKH,3310000,3340000,3300000
WKN,8780000,8820000,8820000
WKP,2300000,2310000,2310000
WKS,15500000,15400000,15500000
WKT,5430000,5460000,5470000
WLA,10500000,10500000,10500000
WLB,3510000,3520000,3550000
WLD,11200000,11300000,11400000
WLF,13400000,13400000,13400000
WLJ,1510000,1510000,1540000
WLM,6360000,6360000,6370000
WLN,3250000,3250000,3310000
WLP,4290000,4310000,4400000
WLR,4210000,4220000,4320000
WMD,5130000,8780000,3090000
WMJ,2530000,2520000,2520000
WMK,5470000,5480000,5540000
WML,29300000,8780000,8830000
WMT,1890000,6140000,6210000
WNB,2580000,2580000,2610000
WNE,3510000,3520000,3540000
WNF,3080000,3100000,3120000
WNG,2700000,2710000,2720000
WNH,66800000,67000000,2670000
WNJ,1340000,1340000,1360000
WNK,2240000,2250000,2260000
WNM,2200000,2200000,2240000
WPD,5790000,5960000,5800000
WPF,5690000,17000000,16800000
WPG,6100000,6130000,6100000
WPH,2100000,2100000,2100000
WPJ,1670000,1670000,1630000
WPK,3150000,3170000,3070000
WPL,5660000,5120000,5130000
WPM,9400000,10100000,10200000
WPN,3880000,3900000,3860000
WPS,22000000,131000000,132000000
WPT,8780000,9050000,8670000
WRC,43100000,43300000,43400000
WRF,6490000,6520000,6610000
WRH,2910000,2920000,2940000
WRJ,1800000,1810000,1800000
WRK,5990000,6010000,6050000
WRM,5430000,5450000,5520000
WRN,4260000,4270000,4340000
WRP,5170000,5180000,5220000
WRS,8780000,8820000,8820000
WSA,9650000,9660000,9720000
WSB,9720000,9770000,4450000
WSC,10100000,10100000,10100000
WSE,4410000,4400000,4370000
WSF,4260000,4270000,4170000
WSG,4810000,6140000,6160000
WSH,3010000,10600000,10400000
WSJ,33000000,41600000,41000000
WSK,6590000,6620000,6530000
WSL,11400000,11700000,11700000
WSM,9460000,21300000,21200000
WTC,7510000,25600000,7740000
WTD,5310000,5380000,5380000
WTE,6740000,15900000,5260000
WTH,32400000,32600000,32200000
WTJ,2270000,2280000,2280000
WTM,6280000,6560000,2000000
WTP,19200000,13700000,24500000
WTR,8350000,8350000,8350000
