"ID","degree","betweenness","constraint","transitivity","density","k_core_max","strength_close","strength_freq","log_degree","log_constraint","strength_close_norm","strength_freq_norm"
"2",9,0.75,0.27880658436214,0.608695652173913,0.4,4,23,37,2.19722457733622,-1.27723698358074,2.55555555555556,4.11111111111111
"1",5,0.75,0.382222222222222,0.4,0.466666666666667,2,14,23,1.6094379124341,-0.961753105950912,2.8,4.6
"10",15,0.489761904761905,0.229913820301783,0.828,0.525,8,37,71,2.70805020110221,-1.47005073461448,2.46666666666667,4.73333333333333
"100",6,0.333333333333333,0.491057098765432,0.765957446808511,0.666666666666667,4,17,24,1.79175946922805,-0.711194867184236,2.83333333333333,4
"101",8,0.875,0.235243055555556,0.257142857142857,0.305555555555556,2,18,33,2.07944154167984,-1.44713602037614,2.25,4.125
"102",11,0.872727272727273,0.199724517906336,0.36,0.272727272727273,3,26,39,2.39789527279837,-1.61081627240422,2.36363636363636,3.54545454545455
"103",11,0.533333333333333,0.277892280879294,0.58273381294964,0.424242424242424,4,33,47,2.39789527279837,-1.28052171923229,3,4.27272727272727
"104",8,0.0273809523809524,0.434978121456916,0.895522388059702,0.888888888888889,6,17,36,2.07944154167984,-0.832459544659657,2.125,4.5
"105",5,1,0.2,0,0.333333333333333,1,15,21,1.6094379124341,-1.6094379124341,3,4.2
"106",15,0.768253968253968,0.174407407407407,0.414364640883978,0.266666666666667,4,37,65,2.70805020110221,-1.74636129474291,2.46666666666667,4.33333333333333
"107",17,0.731617647058823,0.179443483275663,0.565836298932384,0.300653594771242,5,51,79,2.83321334405622,-1.71789497703448,3,4.64705882352941
"108",13,0.438797313797314,0.24867817952296,0.77710843373494,0.516483516483517,7,34,53,2.56494935746154,-1.39159567016852,2.61538461538462,4.07692307692308
"109",17,0.727941176470588,0.182047564123689,0.698275862068966,0.339869281045752,7,39,80,2.83321334405622,-1.70348728471009,2.29411764705882,4.70588235294118
"11",8,0.732142857142857,0.309787326388889,0.456521739130435,0.388888888888889,3,20,37,2.07944154167984,-1.17186926084556,2.5,4.625
"110",13,0.858974358974359,0.17776134122288,0.311320754716981,0.241758241758242,3,30,53,2.56494935746154,-1.72731340798607,2.30769230769231,4.07692307692308
"111",30,0.780766283524904,0.100142126480222,0.449477351916376,0.195698924731183,6,68,121,3.40119738166216,-2.30116483723268,2.26666666666667,4.03333333333333
"112",4,0,0.765625,1,1,4,8,16,1.38629436111989,-0.267062785249045,2,4
"113",14,0.43992673992674,0.239785939082738,0.606382978723404,0.428571428571429,5,31,62,2.63905732961526,-1.42800867412649,2.21428571428571,4.42857142857143
"114",2,0,1.125,1,1,2,6,10,0.693147180559945,0.117783035656383,3,5
"115",23,0.876811594202898,0.116980151228733,0.267062314540059,0.166666666666667,4,66,91,3.13549421592915,-2.14575100619383,2.8695652173913,3.95652173913043
"116",6,0.866666666666667,0.305555555555556,0.315789473684211,0.380952380952381,2,15,26,1.79175946922805,-1.18562366565774,2.5,4.33333333333333
"117",9,0.777777777777778,0.266117969821674,0.346153846153846,0.333333333333333,2,25,43,2.19722457733622,-1.32381557294533,2.77777777777778,4.77777777777778
"119",11,0.890909090909091,0.196969696969697,0.3,0.257575757575758,3,24,43,2.39789527279837,-1.62470538456489,2.18181818181818,3.90909090909091
"12",6,0.8,0.375,0.428571428571429,0.428571428571429,2,12,26,1.79175946922805,-0.980829253011726,2,4.33333333333333
"120",11,0.539393939393939,0.250028696051423,0.721311475409836,0.46969696969697,6,30,50,2.39789527279837,-1.3861795835014,2.72727272727273,4.54545454545455
"121",7,0.80952380952381,0.302721088435374,0.46875,0.392857142857143,3,15,25,1.94591014905531,-1.19494339760654,2.14285714285714,3.57142857142857
"122",8,0.892857142857143,0.2421875,0.264705882352941,0.305555555555556,2,22,37,2.07944154167984,-1.41804305943447,2.75,4.625
"123",7,0.103174603174603,0.471983895599056,0.828571428571429,0.785714285714286,5,17,35,1.94591014905531,-0.75081041347219,2.42857142857143,5
"124",9,0.701388888888889,0.27716049382716,0.6375,0.422222222222222,4,25,41,2.19722457733622,-1.28315854048418,2.77777777777778,4.55555555555556
"125",8,0.517857142857143,0.339848090277778,0.523809523809524,0.472222222222222,3,21,36,2.07944154167984,-1.07925655451445,2.625,4.5
"126",12,0.679292929292929,0.227129147376543,0.448818897637795,0.320512820512821,4,32,56,2.484906649788,-1.48223649210652,2.66666666666667,4.66666666666667
"127",7,0.19047619047619,0.461080105511592,0.818181818181818,0.714285714285714,5,20,34,1.94591014905531,-0.774183486413591,2.85714285714286,4.85714285714286
"128",34,0.415465580171463,0.109525466733456,0.710240368784985,0.366386554621849,13,92,132,3.52636052461616,-2.2115981838582,2.70588235294118,3.88235294117647
"129",8,0.690476190476191,0.330946180555556,0.6,0.444444444444444,3,18,32,2.07944154167984,-1.10579951333422,2.25,4
"13",4,0,0.765625,1,1,4,12,20,1.38629436111989,-0.267062785249045,3,5
"130",13,0.699145299145299,0.216908820727502,0.622340425531915,0.362637362637363,5,36,60,2.56494935746154,-1.52827819472169,2.76923076923077,4.61538461538461
"131",13,0.858974358974359,0.188650558842867,0.29126213592233,0.241758241758242,3,34,50,2.56494935746154,-1.66785887024985,2.61538461538462,3.84615384615385
"132",12,0.676767676767677,0.245989583333333,0.658064516129032,0.397435897435897,5,31,51,2.484906649788,-1.40246608811976,2.58333333333333,4.25
"133",9,0.861111111111111,0.238683127572016,0.36734693877551,0.311111111111111,3,20,35,2.19722457733622,-1.43261843279413,2.22222222222222,3.88888888888889
"134",14,0.695970695970696,0.209094127446897,0.413173652694611,0.295238095238095,3,37,64,2.63905732961526,-1.56497075784439,2.64285714285714,4.57142857142857
"135",20,0.582456140350877,0.168406114969136,0.595505617977528,0.338095238095238,6,56,91,2.99573227355399,-1.78137686566492,2.8,4.55
"136",11,0.83030303030303,0.179123048668503,0.433333333333333,0.287878787878788,4,27,49,2.39789527279837,-1.71968228657909,2.45454545454545,4.45454545454545
"137",17,0.845588235294118,0.141097654748174,0.310880829015544,0.209150326797386,4,37,71,2.83321334405622,-1.95830304146509,2.17647058823529,4.17647058823529
"138",6,0.4,0.473888888888889,0.583333333333333,0.571428571428571,3,16,27,1.79175946922805,-0.746782396392577,2.66666666666667,4.5
"139",8,0.928571428571429,0.203125,0.1875,0.277777777777778,2,21,36,2.07944154167984,-1.59393372589814,2.625,4.5
"14",21,0.818650793650794,0.140515577357171,0.49468085106383,0.238095238095238,5,50,92,3.04452243772342,-1.96243692548451,2.38095238095238,4.38095238095238
"140",4,0.166666666666667,0.704427083333333,0.789473684210526,0.8,3,11,20,1.38629436111989,-0.350370454301191,2.75,5
"141",8,0.145238095238095,0.404045138888889,0.558823529411765,0.638888888888889,4,21,35,2.07944154167984,-0.906228677339317,2.625,4.375
"143",14,0.851648351648352,0.171449829931973,0.383458646616541,0.247619047619048,4,37,57,2.63905732961526,-1.7634645920132,2.64285714285714,4.07142857142857
"144",5,0.4,0.536388888888889,0.545454545454545,0.6,2,12,21,1.6094379124341,-0.622895842015687,2.4,4.2
"145",19,0.630604288499025,0.17545021702125,0.815789473684211,0.405263157894737,10,30,80,2.94443897916644,-1.74039994001295,1.57894736842105,4.21052631578947
"146",15,0.382312925170068,0.223870617407359,0.691764705882353,0.458333333333333,7,36,63,2.70805020110221,-1.49668699486274,2.4,4.2
"147",17,0.955882352941177,0.10322952710496,0.139072847682119,0.150326797385621,3,30,72,2.83321334405622,-2.27080035149973,1.76470588235294,4.23529411764706
"148",14,0.334981684981685,0.240893716722992,0.649076517150396,0.476190476190476,6,26,51,2.63905732961526,-1.42339945221292,1.85714285714286,3.64285714285714
"149",9,0.409722222222222,0.349211598219535,0.828947368421053,0.622222222222222,6,23,45,2.19722457733622,-1.05207724188115,2.55555555555556,5
"15",10,0.844444444444444,0.222708333333333,0.338709677419355,0.290909090909091,3,24,36,2.30258509299405,-1.50189228587094,2.4,3.6
"150",11,0.881818181818182,0.189566115702479,0.220588235294118,0.242424242424242,2,29,53,2.39789527279837,-1.66301741978195,2.63636363636364,4.81818181818182
"151",7,0.341269841269841,0.435147392290249,0.67741935483871,0.607142857142857,3,21,34,1.94591014905531,-0.832070472433192,3,4.85714285714286
"152",11,0.282424242424242,0.311988706639681,0.640776699029126,0.515151515151515,5,20,50,2.39789527279837,-1.16478828849546,1.81818181818182,4.54545454545455
"153",11,0.312121212121212,0.292705293243713,0.737903225806452,0.575757575757576,6,29,51,2.39789527279837,-1.22858900125337,2.63636363636364,4.63636363636364
"154",17,0.816176470588235,0.164102268358324,0.364077669902913,0.235294117647059,3,45,77,2.83321334405622,-1.80726545795711,2.64705882352941,4.52941176470588
"155",17,0.686274509803922,0.177507900218911,0.5,0.294117647058824,5,40,72,2.83321334405622,-1.72874016278157,2.35294117647059,4.23529411764706
"156",11,0.362121212121212,0.289742054382206,0.666666666666667,0.515151515151515,5,28,51,2.39789527279837,-1.23876421946026,2.54545454545455,4.63636363636364
"157",20,0.352462406015038,0.18107696165634,0.665188470066519,0.438095238095238,8,57,86,2.99573227355399,-1.70883313556807,2.85,4.3
"158",2,1,0.5,0,0.666666666666667,1,6,10,0.693147180559945,-0.693147180559945,3,5
"159",3,0.666666666666667,0.611111111111111,0.6,0.666666666666667,2,6,14,1.09861228866811,-0.492476485097794,2,4.66666666666667
"16",18,0.255337690631808,0.199160842084605,0.613933236574746,0.461988304093567,7,47,70,2.89037175789616,-1.61364252903571,2.61111111111111,3.88888888888889
"160",20,0.619912280701754,0.158959490740741,0.486666666666667,0.29047619047619,5,57,84,2.99573227355399,-1.83910588443809,2.85,4.2
"161",15,0.682539682539683,0.189838044847569,0.473684210526316,0.3,5,31,64,2.70805020110221,-1.66158396585642,2.06666666666667,4.26666666666667
"162",16,0.681944444444444,0.18897937593006,0.659442724458204,0.345588235294118,7,42,54,2.77258872223978,-1.66611739193992,2.625,3.375
"163",30,0.672681992337165,0.115230380459755,0.689507494646681,0.294623655913978,10,71,114,3.40119738166216,-2.16082184621946,2.36666666666667,3.8
"164",20,0.602631578947368,0.162234668213781,0.63481228668942,0.338095238095238,7,49,85,2.99573227355399,-1.81871142269317,2.45,4.25
"165",8,0.75,0.306423611111111,0.466666666666667,0.388888888888889,3,19,33,2.07944154167984,-1.18278678432254,2.375,4.125
"166",20,0.652982456140351,0.156514950379256,0.642105263157895,0.323809523809524,8,54,90,2.99573227355399,-1.85460374398468,2.7,4.5
"167",5,0,0.648,1,1,5,14,22,1.6094379124341,-0.433864582629862,2.8,4.4
"168",4,0.583333333333333,0.534722222222222,0.545454545454545,0.6,2,9,19,1.38629436111989,-0.626007877722317,2.25,4.75
"169",9,0.875,0.229080932784636,0.266666666666667,0.288888888888889,2,26,42,2.19722457733622,-1.4736799195919,2.88888888888889,4.66666666666667
"17",11,0.313636363636364,0.292651936807781,0.756302521008403,0.575757575757576,6,23,43,2.39789527279837,-1.22877130509568,2.09090909090909,3.90909090909091
"170",5,0.8,0.4,0.428571428571429,0.466666666666667,2,10,22,1.6094379124341,-0.916290731874155,2,4.4
"171",5,0.2,0.593955555555556,0.75,0.733333333333333,3,11,23,1.6094379124341,-0.520950784715864,2.2,4.6
"172",17,0.720588235294118,0.184111880046136,0.751898734177215,0.359477124183007,8,45,67,2.83321334405622,-1.69221166242784,2.64705882352941,3.94117647058824
"173",5,0.9,0.3,0.25,0.4,2,14,23,1.6094379124341,-1.20397280432594,2.8,4.6
"174",3,0.166666666666667,0.839506172839506,0.75,0.833333333333333,2,5,12,1.09861228866811,-0.174941449496332,1.66666666666667,4
"175",14,0.58974358974359,0.199717485255629,0.5859375,0.371428571428571,5,28,59,2.63905732961526,-1.61085148477874,2,4.21428571428571
"176",15,0.341746031746032,0.222902766579883,0.739393939393939,0.508333333333333,8,38,61,2.70805020110221,-1.50101962691371,2.53333333333333,4.06666666666667
"177",7,0.128571428571429,0.469884770234624,0.861111111111111,0.785714285714286,5,19,33,1.94591014905531,-0.755267784050605,2.71428571428571,4.71428571428571
"178",7,0.73015873015873,0.303004535147392,0.538461538461538,0.428571428571429,3,16,31,1.94591014905531,-1.19400750610164,2.28571428571429,4.42857142857143
"179",20,0.856315789473684,0.119747392290249,0.38255033557047,0.195238095238095,5,48,71,2.99573227355399,-2.12237081921006,2.4,3.55
"18",3,0,0.925925925925926,1,1,3,9,15,1.09861228866811,-0.0769610411361282,3,5
"180",16,0.663888888888889,0.196034021355938,0.49811320754717,0.316176470588235,4,37,63,2.77258872223978,-1.62946705646797,2.3125,3.9375
"181",16,0.735972222222222,0.17879603241036,0.55893536121673,0.308823529411765,5,41,68,2.77258872223978,-1.72150960658758,2.5625,4.25
"182",7,0.69047619047619,0.323554421768707,0.486486486486487,0.428571428571429,3,20,34,1.94591014905531,-1.12838795115683,2.85714285714286,4.85714285714286
"183",16,0.535555555555556,0.205217636719482,0.669291338582677,0.397058823529412,7,31,60,2.77258872223978,-1.58368422045357,1.9375,3.75
"184",14,0.286551543694401,0.239635586991788,0.735483870967742,0.561904761904762,6,37,60,2.63905732961526,-1.42863589709292,2.64285714285714,4.28571428571429
"185",23,0.539215132693394,0.153115383847862,0.735521235521235,0.391304347826087,9,60,100,3.13549421592915,-1.87656349901601,2.60869565217391,4.34782608695652
"186",6,0.444444444444444,0.433641975308642,0.583333333333333,0.571428571428571,3,15,30,1.79175946922805,-0.835536027018529,2.5,5
"187",6,0.733333333333333,0.384259259259259,0.576923076923077,0.476190476190476,3,15,27,1.79175946922805,-0.956437799887567,2.5,4.5
"188",10,0.777777777777778,0.212,0.631578947368421,0.363636363636364,5,24,42,2.30258509299405,-1.55116900431012,2.4,4.2
"189",5,0.4,0.53,0.882352941176471,0.733333333333333,4,14,18,1.6094379124341,-0.63487827243597,2.8,3.6
"19",10,0.8,0.251041666666667,0.434782608695652,0.327272727272727,3,26,43,2.30258509299405,-1.38213635097123,2.6,4.3
"190",12,0.542929292929293,0.257789617583144,0.477707006369427,0.371794871794872,4,27,49,2.484906649788,-1.35561146243332,2.25,4.08333333333333
"191",20,0.792105263157895,0.152871031746032,0.634615384615385,0.280952380952381,7,50,82,2.99573227355399,-1.87816064281926,2.5,4.1
"192",8,0.571428571428571,0.352391493055556,0.571428571428571,0.472222222222222,3,22,36,2.07944154167984,-1.04301252523545,2.75,4.5
"193",4,0.583333333333333,0.534722222222222,0.545454545454545,0.6,2,11,20,1.38629436111989,-0.626007877722317,2.75,5
"194",7,0.380952380952381,0.410929705215419,0.818181818181818,0.642857142857143,5,19,34,1.94591014905531,-0.889333112652931,2.71428571428571,4.85714285714286
"195",12,0.598484848484849,0.25904864260519,0.54,0.384615384615385,4,32,54,2.484906649788,-1.35073942563011,2.66666666666667,4.5
"196",15,0.606984126984127,0.2008299760645,0.56989247311828,0.35,5,39,72,2.70805020110221,-1.60529661911645,2.6,4.8
"197",10,0.640740740740741,0.297822222222222,0.59375,0.418181818181818,4,30,46,2.30258509299405,-1.21125854021934,3,4.6
"198",8,0,0.439453125,1,1,8,24,40,2.07944154167984,-0.822224222835088,3,5
"199",11,0.751515151515151,0.237890266299357,0.534653465346535,0.348484848484849,4,29,45,2.39789527279837,-1.43594577760335,2.63636363636364,4.09090909090909
"20",14,0.78021978021978,0.197949263038549,0.437086092715232,0.285714285714286,3,38,61,2.63905732961526,-1.6197445284046,2.71428571428571,4.35714285714286
"200",13,0.961538461538462,0.121301775147929,0.107142857142857,0.175824175824176,2,20,45,2.56494935746154,-2.10947382877871,1.53846153846154,3.46153846153846
"201",11,0.0509090909090909,0.326339164876918,0.857142857142857,0.803030303030303,8,32,49,2.39789527279837,-1.11981805538077,2.90909090909091,4.45454545454545
"203",12,0.146085858585859,0.298354091119919,0.686440677966102,0.615384615384615,6,34,53,2.484906649788,-1.209474272623,2.83333333333333,4.41666666666667
"204",10,0.587037037037037,0.281975,0.605263157894737,0.436363636363636,4,27,42,2.30258509299405,-1.26593686445616,2.7,4.2
"205",11,0.772727272727273,0.222982093663912,0.383720930232558,0.303030303030303,3,24,49,2.39789527279837,-1.50066380821728,2.18181818181818,4.45454545454545
"206",7,0.857142857142857,0.295918367346939,0.333333333333333,0.357142857142857,2,20,31,1.94591014905531,-1.2176716486841,2.85714285714286,4.42857142857143
"207",4,0.5,0.583333333333333,0.8,0.7,3,12,16,1.38629436111989,-0.538996500732687,3,4
"208",7,0.80952380952381,0.270975056689342,0.310344827586207,0.357142857142857,2,17,29,1.94591014905531,-1.30572850407528,2.42857142857143,4.14285714285714
"209",6,0.533333333333333,0.41820987654321,0.5625,0.523809523809524,3,15,25,1.79175946922805,-0.871771875472574,2.5,4.16666666666667
"21",17,0.560119047619048,0.175837089192976,0.674698795180723,0.38562091503268,7,43,69,2.83321334405622,-1.73819734218896,2.52941176470588,4.05882352941176
"210",12,0.924242424242424,0.155092592592593,0.227848101265823,0.217948717948718,3,31,53,2.484906649788,-1.86373296885314,2.58333333333333,4.41666666666667
"211",14,0.796703296703297,0.19390589569161,0.564705882352941,0.304761904761905,5,30,52,2.63905732961526,-1.64038231135973,2.14285714285714,3.71428571428571
"212",5,0.9,0.3,0.25,0.4,2,9,22,1.6094379124341,-1.20397280432594,1.8,4.4
"213",3,1,0.333333333333333,0,0.5,1,8,15,1.09861228866811,-1.09861228866811,2.66666666666667,5
"214",8,0.434523809523809,0.372018229166667,0.616438356164384,0.527777777777778,4,19,29,2.07944154167984,-0.988812422773404,2.375,3.625
"215",2,0,1.125,1,1,2,6,10,0.693147180559945,0.117783035656383,3,5
"216",4,0.166666666666667,0.704427083333333,0.789473684210526,0.8,3,12,20,1.38629436111989,-0.350370454301191,3,5
"217",5,0.65,0.482222222222222,0.529411764705882,0.533333333333333,2,13,23,1.6094379124341,-0.729350229223906,2.6,4.6
"218",11,0.781818181818182,0.224793388429752,0.605504587155963,0.348484848484849,5,29,49,2.39789527279837,-1.49257357229479,2.63636363636364,4.45454545454545
"219",7,0.666666666666667,0.362244897959184,0.702127659574468,0.5,4,18,30,1.94591014905531,-1.0154347821892,2.57142857142857,4.28571428571429
"22",6,0.733333333333333,0.384259259259259,0.576923076923077,0.476190476190476,3,18,30,1.79175946922805,-0.956437799887567,3,5
"220",9,0.0319444444444444,0.391043317189702,0.882352941176471,0.866666666666667,6,22,40,2.19722457733622,-0.938936939481637,2.44444444444444,4.44444444444444
"221",8,0.392857142857143,0.382726137329932,0.623376623376623,0.527777777777778,4,17,33,2.07944154167984,-0.960435591704858,2.125,4.125
"222",15,0.26984126984127,0.228039760982786,0.716577540106952,0.55,6,44,73,2.70805020110221,-1.47823527495653,2.93333333333333,4.86666666666667
"223",13,0.542857142857143,0.238663607454816,0.650602409638554,0.43956043956044,5,38,58,2.56494935746154,-1.4327002186985,2.92307692307692,4.46153846153846
"224",9,0.583333333333333,0.292030178326475,0.525,0.422222222222222,3,26,39,2.19722457733622,-1.23089813162101,2.88888888888889,4.33333333333333
"225",6,0.933333333333333,0.236111111111111,0.176470588235294,0.333333333333333,2,15,22,1.79175946922805,-1.44345277495984,2.5,3.66666666666667
"226",8,0.75,0.29296875,0.611111111111111,0.416666666666667,4,24,39,2.07944154167984,-1.22768933094325,3,4.875
"227",17,0.834558823529412,0.157791234140715,0.451327433628319,0.241830065359477,5,48,70,2.83321334405622,-1.84648242255241,2.82352941176471,4.11764705882353
"228",11,0.439393939393939,0.279337385397991,0.757142857142857,0.515151515151515,6,25,47,2.39789527279837,-1.27533496107532,2.27272727272727,4.27272727272727
"23",20,0.782017543859649,0.145795524691358,0.38801261829653,0.223809523809524,4,50,86,2.99573227355399,-1.92555015472533,2.5,4.3
"231",16,0.573611111111111,0.193132622551335,0.548895899053628,0.352941176470588,5,42,67,2.77258872223978,-1.64437816258755,2.625,4.1875
"232",9,0.703703703703704,0.282959533607682,0.46875,0.377777777777778,3,24,40,2.19722457733622,-1.26245138234863,2.66666666666667,4.44444444444444
"233",15,0.857142857142857,0.16237037037037,0.464285714285714,0.25,5,35,65,2.70805020110221,-1.81787531635861,2.33333333333333,4.33333333333333
"234",8,0.696428571428571,0.325086805555556,0.631578947368421,0.444444444444444,4,21,35,2.07944154167984,-1.12366303829856,2.625,4.375
"235",4,0.5,0.583333333333333,0.8,0.7,3,10,20,1.38629436111989,-0.538996500732687,2.5,5
"236",8,0.75,0.295464409722222,0.357142857142857,0.361111111111111,2,22,34,2.07944154167984,-1.21920689026191,2.75,4.25
"237",9,0.875,0.229080932784636,0.266666666666667,0.288888888888889,2,22,38,2.19722457733622,-1.4736799195919,2.44444444444444,4.22222222222222
"238",8,0.785714285714286,0.277669270833333,0.418604651162791,0.361111111111111,3,21,37,2.07944154167984,-1.28132454677588,2.625,4.625
"239",15,0.350793650793651,0.230859322284689,0.609254498714653,0.441666666666667,6,29,68,2.70805020110221,-1.46594674841136,1.93333333333333,4.53333333333333
"24",15,0.850793650793651,0.159303703703704,0.308219178082192,0.225,3,35,60,2.70805020110221,-1.83694281247009,2.33333333333333,4
"240",9,0.49537037037037,0.340393256067859,0.554347826086957,0.466666666666667,3,20,40,2.19722457733622,-1.07765369426572,2.22222222222222,4.44444444444444
"241",8,0.55952380952381,0.319001736111111,0.590909090909091,0.472222222222222,4,18,25,2.07944154167984,-1.14255873385752,2.25,3.125
"242",11,0.745454545454545,0.254591368227732,0.520408163265306,0.348484848484849,4,30,47,2.39789527279837,-1.36809549670248,2.72727272727273,4.27272727272727
"243",5,0.3,0.562222222222222,0.666666666666667,0.666666666666667,3,13,22,1.6094379124341,-0.575858094036845,2.6,4.4
"244",7,0.642857142857143,0.374574829931973,0.538461538461538,0.464285714285714,3,17,33,1.94591014905531,-0.981963683082338,2.42857142857143,4.71428571428571
"245",9,0.451388888888889,0.32681755829904,0.654545454545455,0.511111111111111,4,24,32,2.19722457733622,-1.11835318947435,2.66666666666667,3.55555555555556
"246",3,0,0.925925925925926,1,1,3,9,15,1.09861228866811,-0.0769610411361282,3,5
"247",7,0.53968253968254,0.375912698412698,0.574468085106383,0.5,3,17,32,1.94591014905531,-0.97839834762398,2.42857142857143,4.57142857142857
"248",9,0.203703703703704,0.373287227556775,0.719178082191781,0.622222222222222,5,25,43,2.19722457733622,-0.985407108603346,2.77777777777778,4.77777777777778
"249",4,0.833333333333333,0.40625,0.375,0.5,2,11,17,1.38629436111989,-0.90078654533819,2.75,4.25
"25",5,1,0.2,0,0.333333333333333,1,14,20,1.6094379124341,-1.6094379124341,2.8,4
"250",11,0.515151515151515,0.297438672438673,0.859090909090909,0.560606060606061,7,28,48,2.39789527279837,-1.21254721831014,2.54545454545455,4.36363636363636
"26",7,0.380952380952381,0.41092970521542,0.818181818181818,0.642857142857143,5,21,30,1.94591014905531,-0.889333112652931,3,4.28571428571429
"27",7,0.857142857142857,0.251700680272109,0.4,0.357142857142857,3,17,31,1.94591014905531,-1.37951467413451,2.42857142857143,4.42857142857143
"28",13,0.837606837606838,0.186965811965812,0.442622950819672,0.274725274725275,4,34,59,2.56494935746154,-1.67682950255408,2.61538461538462,4.53846153846154
"29",21,0.821587301587302,0.12728517181627,0.420168067226891,0.212121212121212,5,44,67,3.04452243772342,-2.06132526240076,2.0952380952381,3.19047619047619
"3",10,0.725925925925926,0.260072222222222,0.573033707865168,0.381818181818182,4,25,39,2.30258509299405,-1.34679590876194,2.5,3.9
"31",11,0.772727272727273,0.231290174471993,0.36144578313253,0.303030303030303,3,28,45,2.39789527279837,-1.46408219023201,2.54545454545455,4.09090909090909
"32",9,0.75,0.251543209876543,0.45,0.355555555555556,3,22,41,2.19722457733622,-1.38014049554551,2.44444444444444,4.55555555555556
"34",7,0,0.492711370262391,1,1,7,20,32,1.94591014905531,-0.707831732242867,2.85714285714286,4.57142857142857
"35",9,0.666666666666667,0.311111111111111,0.733333333333333,0.466666666666667,5,23,44,2.19722457733622,-1.16760516015506,2.55555555555556,4.88888888888889
"36",27,0.286957816218751,0.136916722797098,0.836722306525038,0.531746031746032,15,75,124,3.29583686600433,-1.98838240077241,2.77777777777778,4.59259259259259
"37",8,0.785714285714286,0.291666666666667,0.521739130434783,0.388888888888889,3,21,38,2.07944154167984,-1.23214368129263,2.625,4.75
"38",19,0.84990253411306,0.13911972914743,0.258620689655172,0.189473684210526,3,48,82,2.94443897916644,-1.97242035583687,2.52631578947368,4.31578947368421
"39",14,0.809523809523809,0.177594954648526,0.259842519685039,0.238095238095238,3,35,53,2.63905732961526,-1.72824985733815,2.5,3.78571428571429
"4",6,0.411111111111111,0.451666666666667,0.697674418604651,0.619047619047619,3,13,27,1.79175946922805,-0.794810834336446,2.16666666666667,4.5
"40",1,0,1,0,1,1,3,5,0,0,3,5
"41",17,0.733088235294118,0.182295369128043,0.536496350364963,0.294117647058824,5,44,80,2.83321334405622,-1.70212700009936,2.58823529411765,4.70588235294118
"43",7,0.80952380952381,0.302721088435374,0.46875,0.392857142857143,3,13,28,1.94591014905531,-1.19494339760654,1.85714285714286,4
"45",16,0.633134920634921,0.172816270062713,0.557692307692308,0.330882352941176,6,34,72,2.77258872223978,-1.75552627158902,2.125,4.5
"46",6,0.733333333333333,0.341049382716049,0.391304347826087,0.428571428571429,2,16,24,1.79175946922805,-1.07572799483452,2.66666666666667,4
"47",19,0.701754385964912,0.173113116001505,0.720496894409938,0.342105263157895,8,48,85,2.94443897916644,-1.75381004843127,2.52631578947368,4.47368421052632
"48",5,0.8,0.4,0.428571428571429,0.466666666666667,2,13,17,1.6094379124341,-0.916290731874155,2.6,3.4
"49",15,0.644761904761905,0.210554938271605,0.597701149425287,0.358333333333333,5,38,66,2.70805020110221,-1.55800867049771,2.53333333333333,4.4
"5",6,0.8,0.314814814814815,0.5,0.428571428571429,3,16,24,1.79175946922805,-1.15577070250806,2.66666666666667,4
"50",8,0.857142857142857,0.223090277777778,0.25,0.305555555555556,2,21,40,2.07944154167984,-1.50017875636062,2.625,5
"51",3,0.666666666666667,0.611111111111111,0.6,0.666666666666667,2,6,15,1.09861228866811,-0.492476485097794,2,5
"52",19,0.688499025341131,0.150862923372899,0.511278195488722,0.278947368421053,5,46,80,2.94443897916644,-1.89138364669257,2.42105263157895,4.21052631578947
"53",17,0.778799019607843,0.157584112076203,0.51685393258427,0.26797385620915,6,40,61,2.83321334405622,-1.84779591833942,2.35294117647059,3.58823529411765
"54",8,0.892857142857143,0.2421875,0.264705882352941,0.305555555555556,2,21,35,2.07944154167984,-1.41804305943447,2.625,4.375
"55",16,0.71875,0.170572645399306,0.407239819004525,0.264705882352941,4,36,66,2.77258872223978,-1.76859400027857,2.25,4.125
"56",18,0.453159041394335,0.192427235337814,0.514644351464435,0.350877192982456,6,39,66,2.89037175789616,-1.64803719495876,2.16666666666667,3.66666666666667
"57",22,0.667893217893218,0.134672410725504,0.422535211267606,0.237154150197628,5,53,70,3.09104245335832,-2.00491003669649,2.40909090909091,3.18181818181818
"58",4,0.833333333333333,0.40625,0.375,0.5,2,10,19,1.38629436111989,-0.90078654533819,2.5,4.75
"59",18,0.774509803921569,0.15208912037037,0.338709677419355,0.222222222222222,4,47,69,2.89037175789616,-1.88328861172711,2.61111111111111,3.83333333333333
"6",13,0.75,0.187115082719478,0.627118644067797,0.32967032967033,6,36,49,2.56494935746154,-1.6760314358059,2.76923076923077,3.76923076923077
"60",11,0.748484848484848,0.248246097337006,0.451612903225806,0.333333333333333,3,29,43,2.39789527279837,-1.39333469687728,2.63636363636364,3.90909090909091
"61",13,0.468589743589744,0.232288669138486,0.666666666666667,0.450549450549451,5,28,46,2.56494935746154,-1.45977441724221,2.15384615384615,3.53846153846154
"62",9,0.24537037037037,0.367794994541026,0.76,0.644444444444444,5,27,42,2.19722457733622,-1.00022957609151,3,4.66666666666667
"63",8,0.892857142857143,0.2421875,0.264705882352941,0.305555555555556,2,14,33,2.07944154167984,-1.41804305943447,1.75,4.125
"64",10,0.755555555555556,0.268888888888889,0.452054794520548,0.345454545454545,3,27,43,2.30258509299405,-1.31345703716762,2.7,4.3
"65",10,0.45,0.310683616780045,0.6,0.472727272727273,4,24,40,2.30258509299405,-1.16898019400223,2.4,4
"66",14,0.798534798534798,0.202949263038549,0.46,0.285714285714286,4,40,59,2.63905732961526,-1.5947992669502,2.85714285714286,4.21428571428571
"67",20,0.306491228070175,0.1795140608639,0.797136038186158,0.509523809523809,12,43,85,2.99573227355399,-1.71750174061809,2.15,4.25
"68",11,0.8,0.231749311294766,0.397590361445783,0.303030303030303,3,29,46,2.39789527279837,-1.46209904629996,2.63636363636364,4.18181818181818
"69",15,0.595238095238095,0.20602025069287,0.5390625,0.35,5,41,63,2.70805020110221,-1.57978081068979,2.73333333333333,4.2
"7",3,0,0.925925925925926,1,1,3,9,15,1.09861228866811,-0.0769610411361282,3,5
"70",8,0.577380952380952,0.322048611111111,0.532258064516129,0.444444444444444,3,18,32,2.07944154167984,-1.1330527786484,2.25,4
"72",22,0.733044733044733,0.140088575145393,0.485776805251641,0.245059288537549,6,57,100,3.09104245335832,-1.96548037682025,2.59090909090909,4.54545454545455
"73",5,0.7,0.413333333333333,0.631578947368421,0.533333333333333,3,10,21,1.6094379124341,-0.883500909051164,2,4.2
"74",22,0.854617604617605,0.122719811753903,0.329376854599407,0.185770750988142,4,51,76,3.09104245335832,-2.09785147531236,2.31818181818182,3.45454545454545
"75",12,0.492424242424242,0.25431482553155,0.857142857142857,0.538461538461538,8,30,51,2.484906649788,-1.36918230887649,2.5,4.25
"76",17,0.557843137254902,0.188994870279266,0.56,0.34640522875817,6,36,74,2.83321334405622,-1.66603540567037,2.11764705882353,4.35294117647059
"77",9,0.777777777777778,0.266718106995885,0.46551724137931,0.355555555555556,3,24,36,2.19722457733622,-1.3215629573508,2.66666666666667,4
"78",6,0.8,0.314814814814815,0.5,0.428571428571429,3,11,26,1.79175946922805,-1.15577070250806,1.83333333333333,4.33333333333333
"79",19,0.701364522417154,0.166515764662282,0.537084398976982,0.289473684210526,6,37,77,2.94443897916644,-1.79266529138741,1.94736842105263,4.05263157894737
"8",6,0.488888888888889,0.431520061728395,0.648648648648649,0.571428571428571,3,13,24,1.79175946922805,-0.840441276541981,2.16666666666667,4
"80",14,0.857142857142857,0.178535997732426,0.317073170731707,0.238095238095238,3,38,62,2.63905732961526,-1.72296503012592,2.71428571428571,4.42857142857143
"81",8,0.821428571428571,0.286458333333333,0.439024390243902,0.361111111111111,3,22,38,2.07944154167984,-1.25016218679531,2.75,4.75
"82",30,0.861302681992337,0.0988017069790879,0.306709265175719,0.156989247311828,4,76,107,3.40119738166216,-2.31464039726129,2.53333333333333,3.56666666666667
"83",17,0.685294117647059,0.182889994232987,0.543624161073825,0.313725490196078,5,49,83,2.83321334405622,-1.69887043129834,2.88235294117647,4.88235294117647
"84",11,0.657575757575758,0.223361115796181,0.558139534883721,0.378787878787879,4,31,49,2.39789527279837,-1.49896546391478,2.81818181818182,4.45454545454545
"85",11,0.918181818181818,0.169880624426079,0.1875,0.227272727272727,2,25,48,2.39789527279837,-1.77265929785464,2.27272727272727,4.36363636363636
"86",12,0.833333333333333,0.212384259259259,0.466019417475728,0.294871794871795,4,31,54,2.484906649788,-1.54935810130943,2.58333333333333,4.5
"87",27,0.87369420702754,0.0958889942579684,0.2375,0.142857142857143,4,45,101,3.29583686600433,-2.34456406636912,1.66666666666667,3.74074074074074
"88",13,0.854700854700855,0.169667981591059,0.384615384615385,0.252747252747253,4,31,55,2.56494935746154,-1.77391180108422,2.38461538461538,4.23076923076923
"89",13,0.495726495726496,0.2539059292356,0.605504587155963,0.428571428571429,5,33,50,2.56494935746154,-1.37079143790298,2.53846153846154,3.84615384615385
"9",5,0.0666666666666667,0.626955555555555,0.866666666666667,0.866666666666667,4,14,25,1.6094379124341,-0.466879625143036,2.8,5
"90",20,0.266535087719298,0.182101699544485,0.681286549707602,0.466666666666667,8,52,89,2.99573227355399,-1.70318995926365,2.6,4.45
"91",16,0.659722222222222,0.193232964409722,0.468,0.301470588235294,4,22,67,2.77258872223978,-1.64385874851948,1.375,4.1875
"92",11,0.636363636363636,0.239138544536272,0.47787610619469,0.348484848484849,4,28,48,2.39789527279837,-1.43071221075046,2.54545454545455,4.36363636363636
"93",9,0.777777777777778,0.289437585733882,0.436363636363636,0.355555555555556,3,23,40,2.19722457733622,-1.23981559853259,2.55555555555556,4.44444444444444
"94",8,0.678571428571429,0.334526909722222,0.489795918367347,0.416666666666667,3,24,34,2.07944154167984,-1.09503795504952,3,4.25
"95",5,0.6,0.513333333333333,0.714285714285714,0.6,3,14,23,1.6094379124341,-0.666829872242572,2.8,4.6
"96",19,0.666666666666667,0.158143431887991,0.46524064171123,0.268421052631579,5,47,76,2.94443897916644,-1.84425286099401,2.47368421052632,4
"97",10,0.933333333333333,0.153333333333333,0.222222222222222,0.236363636363636,3,26,42,2.30258509299405,-1.87514107816711,2.6,4.2
"98",12,0.815656565656566,0.206965663580247,0.39,0.282051282051282,3,34,58,2.484906649788,-1.57520237589971,2.83333333333333,4.83333333333333
"99",8,0.0291666666666667,0.433621231044501,0.9,0.888888888888889,6,19,39,2.07944154167984,-0.8355838654694,2.375,4.875
